,image_name,prediction,image_path
0,1bhvafqv.JPEG,7,data/test/1bhvafqv.JPEG
1,vyiyc7y2.JPEG,5,data/test/vyiyc7y2.JPEG
2,r8z3as5n.JPEG,2,data/test/r8z3as5n.JPEG
3,udhyyuy0.JPEG,1,data/test/udhyyuy0.JPEG
4,i3dupi0m.JPEG,9,data/test/i3dupi0m.JPEG
5,re9x4c9y.JPEG,1,data/test/re9x4c9y.JPEG
6,50jfq96b.JPEG,0,data/test/50jfq96b.JPEG
7,kjon2eqv.JPEG,5,data/test/kjon2eqv.JPEG
8,19tygsde.JPEG,2,data/test/19tygsde.JPEG
9,f4q1vrrs.JPEG,7,data/test/f4q1vrrs.JPEG
10,j3i5jqwx.JPEG,6,data/test/j3i5jqwx.JPEG
11,r3hwq9jj.JPEG,6,data/test/r3hwq9jj.JPEG
12,jfsukvwv.JPEG,3,data/test/jfsukvwv.JPEG
13,m8zy37ns.JPEG,5,data/test/m8zy37ns.JPEG
14,hqirf6qe.JPEG,5,data/test/hqirf6qe.JPEG
15,tvmzre6z.JPEG,9,data/test/tvmzre6z.JPEG
16,x4px20u3.JPEG,1,data/test/x4px20u3.JPEG
17,0t3r870n.JPEG,8,data/test/0t3r870n.JPEG
18,nbn3t4z1.JPEG,1,data/test/nbn3t4z1.JPEG
19,b7de8h0r.JPEG,8,data/test/b7de8h0r.JPEG
20,lr1z2hoz.JPEG,6,data/test/lr1z2hoz.JPEG
21,k1ghkfzj.JPEG,7,data/test/k1ghkfzj.JPEG
22,9tjynnwu.JPEG,0,data/test/9tjynnwu.JPEG
23,id4pvcqf.JPEG,9,data/test/id4pvcqf.JPEG
24,qy2evgmk.JPEG,3,data/test/qy2evgmk.JPEG
25,xm2ru87a.JPEG,2,data/test/xm2ru87a.JPEG
26,c9zs6qyv.JPEG,8,data/test/c9zs6qyv.JPEG
27,xi0q6c5y.JPEG,4,data/test/xi0q6c5y.JPEG
28,1soognno.JPEG,0,data/test/1soognno.JPEG
29,4foqhioe.JPEG,7,data/test/4foqhioe.JPEG
30,q9wwnr0e.JPEG,8,data/test/q9wwnr0e.JPEG
31,kqa5l9j2.JPEG,2,data/test/kqa5l9j2.JPEG
32,k27tmhjm.JPEG,0,data/test/k27tmhjm.JPEG
33,94nufk3z.JPEG,9,data/test/94nufk3z.JPEG
34,ehvwgmpj.JPEG,2,data/test/ehvwgmpj.JPEG
35,zfvc7ijk.JPEG,1,data/test/zfvc7ijk.JPEG
36,6yk60c72.JPEG,7,data/test/6yk60c72.JPEG
37,18pkjs6s.JPEG,5,data/test/18pkjs6s.JPEG
38,foxga2b5.JPEG,2,data/test/foxga2b5.JPEG
39,zoj6qh7f.JPEG,1,data/test/zoj6qh7f.JPEG
40,0wjgfav6.JPEG,7,data/test/0wjgfav6.JPEG
41,xbu5k1vw.JPEG,9,data/test/xbu5k1vw.JPEG
42,ccf61jx4.JPEG,1,data/test/ccf61jx4.JPEG
43,cep8layi.JPEG,8,data/test/cep8layi.JPEG
44,v2lme7yb.JPEG,8,data/test/v2lme7yb.JPEG
45,brgsy6c2.JPEG,1,data/test/brgsy6c2.JPEG
46,5k7nhdlq.JPEG,7,data/test/5k7nhdlq.JPEG
47,8piunw20.JPEG,2,data/test/8piunw20.JPEG
48,g9e6uxo2.JPEG,7,data/test/g9e6uxo2.JPEG
49,ue77s1x5.JPEG,2,data/test/ue77s1x5.JPEG
50,r6bus7ii.JPEG,2,data/test/r6bus7ii.JPEG
51,kfagpg03.JPEG,7,data/test/kfagpg03.JPEG
52,7al2j2da.JPEG,1,data/test/7al2j2da.JPEG
53,qrz9hka7.JPEG,3,data/test/qrz9hka7.JPEG
54,97r2prm6.JPEG,7,data/test/97r2prm6.JPEG
55,a7pitfx0.JPEG,3,data/test/a7pitfx0.JPEG
56,jd1qzp2h.JPEG,8,data/test/jd1qzp2h.JPEG
57,bqxgfp82.JPEG,4,data/test/bqxgfp82.JPEG
58,9lkasu9f.JPEG,1,data/test/9lkasu9f.JPEG
59,79im69yh.JPEG,3,data/test/79im69yh.JPEG
60,tg32tk3r.JPEG,1,data/test/tg32tk3r.JPEG
61,2me6aeik.JPEG,0,data/test/2me6aeik.JPEG
62,dz3vtah6.JPEG,1,data/test/dz3vtah6.JPEG
63,99xtglsd.JPEG,0,data/test/99xtglsd.JPEG
64,vc9g74yp.JPEG,1,data/test/vc9g74yp.JPEG
65,57ghjnt6.JPEG,7,data/test/57ghjnt6.JPEG
66,otunx6be.JPEG,8,data/test/otunx6be.JPEG
67,9cbn4bxf.JPEG,5,data/test/9cbn4bxf.JPEG
68,rpfl7sw7.JPEG,1,data/test/rpfl7sw7.JPEG
69,xdrwf0i1.JPEG,8,data/test/xdrwf0i1.JPEG
70,wylhfbsv.JPEG,3,data/test/wylhfbsv.JPEG
71,jffm0ueq.JPEG,5,data/test/jffm0ueq.JPEG
72,06viqdr9.JPEG,2,data/test/06viqdr9.JPEG
73,l606w041.JPEG,8,data/test/l606w041.JPEG
74,ji3qbhv0.JPEG,2,data/test/ji3qbhv0.JPEG
75,gwka24h3.JPEG,0,data/test/gwka24h3.JPEG
76,3engbv3r.JPEG,6,data/test/3engbv3r.JPEG
77,32cgghd2.JPEG,5,data/test/32cgghd2.JPEG
78,ejvv3yrb.JPEG,9,data/test/ejvv3yrb.JPEG
79,r0b8tfvk.JPEG,7,data/test/r0b8tfvk.JPEG
80,guoaufto.JPEG,1,data/test/guoaufto.JPEG
81,x4v72t7n.JPEG,2,data/test/x4v72t7n.JPEG
82,f8v5ub7s.JPEG,9,data/test/f8v5ub7s.JPEG
83,fvkdfkue.JPEG,2,data/test/fvkdfkue.JPEG
84,2x3f3m61.JPEG,2,data/test/2x3f3m61.JPEG
85,239aij40.JPEG,1,data/test/239aij40.JPEG
86,rx5qhq15.JPEG,2,data/test/rx5qhq15.JPEG
87,29xtpz7z.JPEG,2,data/test/29xtpz7z.JPEG
88,5etvqcub.JPEG,7,data/test/5etvqcub.JPEG
89,a2we465g.JPEG,7,data/test/a2we465g.JPEG
90,wblx5g14.JPEG,0,data/test/wblx5g14.JPEG
91,8t05elud.JPEG,0,data/test/8t05elud.JPEG
92,n7ji4ey2.JPEG,0,data/test/n7ji4ey2.JPEG
93,bvt0hcj3.JPEG,4,data/test/bvt0hcj3.JPEG
94,ddwnf792.JPEG,0,data/test/ddwnf792.JPEG
95,pqrp23y8.JPEG,1,data/test/pqrp23y8.JPEG
96,bvz3folw.JPEG,3,data/test/bvz3folw.JPEG
97,dr13mk0u.JPEG,7,data/test/dr13mk0u.JPEG
98,1q3feq2f.JPEG,2,data/test/1q3feq2f.JPEG
99,l9yscxtq.JPEG,3,data/test/l9yscxtq.JPEG
100,mqqbjfli.JPEG,6,data/test/mqqbjfli.JPEG
101,gjijhbwv.JPEG,0,data/test/gjijhbwv.JPEG
102,cjr6v4z8.JPEG,5,data/test/cjr6v4z8.JPEG
103,5any2zjh.JPEG,8,data/test/5any2zjh.JPEG
104,71n2q634.JPEG,6,data/test/71n2q634.JPEG
105,wk55imkm.JPEG,7,data/test/wk55imkm.JPEG
106,bzfmyatm.JPEG,1,data/test/bzfmyatm.JPEG
107,y8bx8mvo.JPEG,1,data/test/y8bx8mvo.JPEG
108,fznyy7ro.JPEG,8,data/test/fznyy7ro.JPEG
109,q9u1drg6.JPEG,7,data/test/q9u1drg6.JPEG
110,p3zx9hwo.JPEG,2,data/test/p3zx9hwo.JPEG
111,2hgys0j8.JPEG,0,data/test/2hgys0j8.JPEG
112,hbj132oa.JPEG,5,data/test/hbj132oa.JPEG
113,ic05a6i8.JPEG,9,data/test/ic05a6i8.JPEG
114,ja80hrkh.JPEG,0,data/test/ja80hrkh.JPEG
115,kjtxkki9.JPEG,1,data/test/kjtxkki9.JPEG
116,hozapmff.JPEG,8,data/test/hozapmff.JPEG
117,8i18w7vr.JPEG,4,data/test/8i18w7vr.JPEG
118,qkk903dz.JPEG,2,data/test/qkk903dz.JPEG
119,3pi9h02d.JPEG,1,data/test/3pi9h02d.JPEG
120,8c4vdm1d.JPEG,2,data/test/8c4vdm1d.JPEG
121,p2kmpwv1.JPEG,0,data/test/p2kmpwv1.JPEG
122,igmqjmpt.JPEG,3,data/test/igmqjmpt.JPEG
123,agbr84kk.JPEG,0,data/test/agbr84kk.JPEG
124,nitnqtu1.JPEG,2,data/test/nitnqtu1.JPEG
125,pnohe3y6.JPEG,9,data/test/pnohe3y6.JPEG
126,wmlmgnu1.JPEG,6,data/test/wmlmgnu1.JPEG
127,moc9zjpn.JPEG,6,data/test/moc9zjpn.JPEG
128,92fvgr62.JPEG,7,data/test/92fvgr62.JPEG
129,03tvm4hc.JPEG,4,data/test/03tvm4hc.JPEG
130,0kxkzztf.JPEG,7,data/test/0kxkzztf.JPEG
131,7tcvgbw7.JPEG,4,data/test/7tcvgbw7.JPEG
132,knoh8n9a.JPEG,6,data/test/knoh8n9a.JPEG
133,blq11348.JPEG,8,data/test/blq11348.JPEG
134,hinyoaup.JPEG,4,data/test/hinyoaup.JPEG
135,54hokpqa.JPEG,3,data/test/54hokpqa.JPEG
136,9x2jwydp.JPEG,7,data/test/9x2jwydp.JPEG
137,pdnewb1e.JPEG,9,data/test/pdnewb1e.JPEG
138,k6f6h8sn.JPEG,7,data/test/k6f6h8sn.JPEG
139,9qh5e7o5.JPEG,2,data/test/9qh5e7o5.JPEG
140,tle3wot2.JPEG,8,data/test/tle3wot2.JPEG
141,2qpm56h8.JPEG,2,data/test/2qpm56h8.JPEG
142,ijsz817p.JPEG,2,data/test/ijsz817p.JPEG
143,iv5osk3m.JPEG,0,data/test/iv5osk3m.JPEG
144,fnlj0fs9.JPEG,3,data/test/fnlj0fs9.JPEG
145,o6nbd7oc.JPEG,3,data/test/o6nbd7oc.JPEG
146,tuxdfsx0.JPEG,3,data/test/tuxdfsx0.JPEG
147,hwka5i2t.JPEG,6,data/test/hwka5i2t.JPEG
148,bvll4wsb.JPEG,8,data/test/bvll4wsb.JPEG
149,rkl1jcqs.JPEG,8,data/test/rkl1jcqs.JPEG
150,9ofk4c9k.JPEG,4,data/test/9ofk4c9k.JPEG
151,wm11rt9t.JPEG,9,data/test/wm11rt9t.JPEG
152,sp07z8u5.JPEG,3,data/test/sp07z8u5.JPEG
153,8itej1r3.JPEG,0,data/test/8itej1r3.JPEG
154,3e1wo7v8.JPEG,7,data/test/3e1wo7v8.JPEG
155,u295r8io.JPEG,2,data/test/u295r8io.JPEG
156,o6n6068h.JPEG,1,data/test/o6n6068h.JPEG
157,zsb69kma.JPEG,7,data/test/zsb69kma.JPEG
158,qrcwiy8c.JPEG,2,data/test/qrcwiy8c.JPEG
159,4kq2jfnc.JPEG,9,data/test/4kq2jfnc.JPEG
160,oz6geu0m.JPEG,0,data/test/oz6geu0m.JPEG
161,u2cphklg.JPEG,8,data/test/u2cphklg.JPEG
162,9aq1o2v2.JPEG,0,data/test/9aq1o2v2.JPEG
163,tqgpcph5.JPEG,4,data/test/tqgpcph5.JPEG
164,6t46ti7k.JPEG,1,data/test/6t46ti7k.JPEG
165,btbi3fji.JPEG,7,data/test/btbi3fji.JPEG
166,7d0kq994.JPEG,0,data/test/7d0kq994.JPEG
167,y712ykpn.JPEG,3,data/test/y712ykpn.JPEG
168,1zywylfa.JPEG,2,data/test/1zywylfa.JPEG
169,u1r91nym.JPEG,8,data/test/u1r91nym.JPEG
170,h5bqzkv3.JPEG,0,data/test/h5bqzkv3.JPEG
171,seee7o1r.JPEG,1,data/test/seee7o1r.JPEG
172,wnvpkaw9.JPEG,9,data/test/wnvpkaw9.JPEG
173,2ngj008o.JPEG,4,data/test/2ngj008o.JPEG
174,66k7mfm2.JPEG,9,data/test/66k7mfm2.JPEG
175,rkd7dsi9.JPEG,2,data/test/rkd7dsi9.JPEG
176,5yqnsl5b.JPEG,8,data/test/5yqnsl5b.JPEG
177,4yrt4mrh.JPEG,7,data/test/4yrt4mrh.JPEG
178,hlgzmjuq.JPEG,2,data/test/hlgzmjuq.JPEG
179,cdrjaiev.JPEG,3,data/test/cdrjaiev.JPEG
180,r1xohy0z.JPEG,8,data/test/r1xohy0z.JPEG
181,fkvokmxu.JPEG,5,data/test/fkvokmxu.JPEG
182,k433k1dn.JPEG,5,data/test/k433k1dn.JPEG
183,5ew0ohw7.JPEG,0,data/test/5ew0ohw7.JPEG
184,490uo48a.JPEG,3,data/test/490uo48a.JPEG
185,0h9skp6g.JPEG,2,data/test/0h9skp6g.JPEG
186,i4h08ndz.JPEG,8,data/test/i4h08ndz.JPEG
187,qvlk0u5y.JPEG,7,data/test/qvlk0u5y.JPEG
188,vnr4xcb8.JPEG,5,data/test/vnr4xcb8.JPEG
189,ykj53r8c.JPEG,7,data/test/ykj53r8c.JPEG
190,rk4fv9rn.JPEG,7,data/test/rk4fv9rn.JPEG
191,i7bs69xb.JPEG,6,data/test/i7bs69xb.JPEG
192,ia9lque7.JPEG,0,data/test/ia9lque7.JPEG
193,i6pnqsdg.JPEG,0,data/test/i6pnqsdg.JPEG
194,75c766by.JPEG,8,data/test/75c766by.JPEG
195,58rmf7wy.JPEG,3,data/test/58rmf7wy.JPEG
196,3yb4bf0q.JPEG,1,data/test/3yb4bf0q.JPEG
197,rnv2kdrh.JPEG,3,data/test/rnv2kdrh.JPEG
198,6lp5cllb.JPEG,3,data/test/6lp5cllb.JPEG
199,xrw8ttyt.JPEG,1,data/test/xrw8ttyt.JPEG
200,19jb98bh.JPEG,5,data/test/19jb98bh.JPEG
201,w91e3lhs.JPEG,5,data/test/w91e3lhs.JPEG
202,ehtq6rp9.JPEG,6,data/test/ehtq6rp9.JPEG
203,hk4v0cbw.JPEG,3,data/test/hk4v0cbw.JPEG
204,8d9i19yp.JPEG,9,data/test/8d9i19yp.JPEG
205,q5jlndkt.JPEG,9,data/test/q5jlndkt.JPEG
206,yg8enk3k.JPEG,5,data/test/yg8enk3k.JPEG
207,8nr9jy5x.JPEG,7,data/test/8nr9jy5x.JPEG
208,53czsifo.JPEG,0,data/test/53czsifo.JPEG
209,hxjhuyf3.JPEG,5,data/test/hxjhuyf3.JPEG
210,vqbzn0sx.JPEG,1,data/test/vqbzn0sx.JPEG
211,5ulwol52.JPEG,5,data/test/5ulwol52.JPEG
212,4vnc1ysp.JPEG,8,data/test/4vnc1ysp.JPEG
213,4m086y8f.JPEG,0,data/test/4m086y8f.JPEG
214,z0l0eoah.JPEG,7,data/test/z0l0eoah.JPEG
215,s6t53wlf.JPEG,2,data/test/s6t53wlf.JPEG
216,xdpnoe1q.JPEG,3,data/test/xdpnoe1q.JPEG
217,22gv69vc.JPEG,4,data/test/22gv69vc.JPEG
218,8z0r16uv.JPEG,8,data/test/8z0r16uv.JPEG
219,1kz2smqc.JPEG,0,data/test/1kz2smqc.JPEG
220,9qn24r31.JPEG,5,data/test/9qn24r31.JPEG
221,eiykdq73.JPEG,1,data/test/eiykdq73.JPEG
222,t8awz43r.JPEG,5,data/test/t8awz43r.JPEG
223,tmsy08iu.JPEG,3,data/test/tmsy08iu.JPEG
224,bi578uu1.JPEG,5,data/test/bi578uu1.JPEG
225,7ghxlrc6.JPEG,2,data/test/7ghxlrc6.JPEG
226,hrpq7oi2.JPEG,9,data/test/hrpq7oi2.JPEG
227,xnggehoq.JPEG,5,data/test/xnggehoq.JPEG
228,i73a390c.JPEG,6,data/test/i73a390c.JPEG
229,zpex2cd2.JPEG,1,data/test/zpex2cd2.JPEG
230,oru843p8.JPEG,1,data/test/oru843p8.JPEG
231,rimyjyif.JPEG,0,data/test/rimyjyif.JPEG
232,v1xc0r73.JPEG,8,data/test/v1xc0r73.JPEG
233,xk0iimyk.JPEG,5,data/test/xk0iimyk.JPEG
234,f339kfyg.JPEG,6,data/test/f339kfyg.JPEG
235,3bl7zmbt.JPEG,6,data/test/3bl7zmbt.JPEG
236,7fx1t66z.JPEG,4,data/test/7fx1t66z.JPEG
237,rvm86fqu.JPEG,2,data/test/rvm86fqu.JPEG
238,87q6usi5.JPEG,0,data/test/87q6usi5.JPEG
239,wn726iga.JPEG,7,data/test/wn726iga.JPEG
240,z415bds1.JPEG,2,data/test/z415bds1.JPEG
241,6d2pme9c.JPEG,3,data/test/6d2pme9c.JPEG
242,qtg9i82x.JPEG,6,data/test/qtg9i82x.JPEG
243,2cof9hab.JPEG,4,data/test/2cof9hab.JPEG
244,mafkrdx2.JPEG,6,data/test/mafkrdx2.JPEG
245,g76gh949.JPEG,1,data/test/g76gh949.JPEG
246,fwqhm23w.JPEG,0,data/test/fwqhm23w.JPEG
247,lwyqmuqj.JPEG,8,data/test/lwyqmuqj.JPEG
248,0p0lvz24.JPEG,7,data/test/0p0lvz24.JPEG
249,zwa39w33.JPEG,5,data/test/zwa39w33.JPEG
250,463579to.JPEG,7,data/test/463579to.JPEG
251,pznz5awt.JPEG,6,data/test/pznz5awt.JPEG
252,rdk5mmz5.JPEG,0,data/test/rdk5mmz5.JPEG
253,h92i6ukf.JPEG,7,data/test/h92i6ukf.JPEG
254,s7bceww8.JPEG,4,data/test/s7bceww8.JPEG
255,99zza7xt.JPEG,2,data/test/99zza7xt.JPEG
256,lt05lfcp.JPEG,5,data/test/lt05lfcp.JPEG
257,enashbz5.JPEG,2,data/test/enashbz5.JPEG
258,tgect58r.JPEG,4,data/test/tgect58r.JPEG
259,8jyyvu4x.JPEG,6,data/test/8jyyvu4x.JPEG
260,qvf5ec6j.JPEG,8,data/test/qvf5ec6j.JPEG
261,7xsztxuz.JPEG,8,data/test/7xsztxuz.JPEG
262,jqfiv1wr.JPEG,4,data/test/jqfiv1wr.JPEG
263,1g8q77vx.JPEG,4,data/test/1g8q77vx.JPEG
264,lincs33t.JPEG,9,data/test/lincs33t.JPEG
265,uaxwdcn1.JPEG,7,data/test/uaxwdcn1.JPEG
266,bv44igqr.JPEG,8,data/test/bv44igqr.JPEG
267,5mhq0ylu.JPEG,4,data/test/5mhq0ylu.JPEG
268,is70uyxm.JPEG,1,data/test/is70uyxm.JPEG
269,e3u4ps5w.JPEG,2,data/test/e3u4ps5w.JPEG
270,m1zjxol3.JPEG,4,data/test/m1zjxol3.JPEG
271,4ifbpy7b.JPEG,3,data/test/4ifbpy7b.JPEG
272,ht3ybxly.JPEG,2,data/test/ht3ybxly.JPEG
273,8yjotdzp.JPEG,2,data/test/8yjotdzp.JPEG
274,75fulh8t.JPEG,6,data/test/75fulh8t.JPEG
275,xjeu3eu3.JPEG,8,data/test/xjeu3eu3.JPEG
276,jwy3en7s.JPEG,8,data/test/jwy3en7s.JPEG
277,0c00kihe.JPEG,8,data/test/0c00kihe.JPEG
278,v01iqp1j.JPEG,4,data/test/v01iqp1j.JPEG
279,nfmd97ee.JPEG,3,data/test/nfmd97ee.JPEG
280,1h8d0j9e.JPEG,4,data/test/1h8d0j9e.JPEG
281,b3smeemm.JPEG,2,data/test/b3smeemm.JPEG
282,e5rpxb77.JPEG,4,data/test/e5rpxb77.JPEG
283,txoapnvv.JPEG,3,data/test/txoapnvv.JPEG
284,fn86nhuq.JPEG,8,data/test/fn86nhuq.JPEG
285,zhvt1o5l.JPEG,8,data/test/zhvt1o5l.JPEG
286,tiu7ce8u.JPEG,4,data/test/tiu7ce8u.JPEG
287,6i3gd0hg.JPEG,3,data/test/6i3gd0hg.JPEG
288,x923lmqb.JPEG,4,data/test/x923lmqb.JPEG
289,vpogudoa.JPEG,2,data/test/vpogudoa.JPEG
290,pqg3a8ha.JPEG,6,data/test/pqg3a8ha.JPEG
291,41ozj1gp.JPEG,1,data/test/41ozj1gp.JPEG
292,s3199irm.JPEG,6,data/test/s3199irm.JPEG
293,k4bjjj1f.JPEG,8,data/test/k4bjjj1f.JPEG
294,484mo1lc.JPEG,2,data/test/484mo1lc.JPEG
295,0vq2isb7.JPEG,7,data/test/0vq2isb7.JPEG
296,klp9yaxv.JPEG,1,data/test/klp9yaxv.JPEG
297,0xveki2z.JPEG,1,data/test/0xveki2z.JPEG
298,g6xkkbat.JPEG,5,data/test/g6xkkbat.JPEG
299,agql1ama.JPEG,3,data/test/agql1ama.JPEG
300,zj1ptxgp.JPEG,2,data/test/zj1ptxgp.JPEG
301,htwj9gfn.JPEG,0,data/test/htwj9gfn.JPEG
302,l9vgn03p.JPEG,7,data/test/l9vgn03p.JPEG
303,eilytqjo.JPEG,5,data/test/eilytqjo.JPEG
304,a1rl4it5.JPEG,0,data/test/a1rl4it5.JPEG
305,xinsu1vu.JPEG,1,data/test/xinsu1vu.JPEG
306,1yax59bj.JPEG,6,data/test/1yax59bj.JPEG
307,iirc4dmu.JPEG,3,data/test/iirc4dmu.JPEG
308,ew9h6d63.JPEG,4,data/test/ew9h6d63.JPEG
309,t3y2hsrj.JPEG,5,data/test/t3y2hsrj.JPEG
310,mpg4cu7d.JPEG,1,data/test/mpg4cu7d.JPEG
311,52vpma49.JPEG,0,data/test/52vpma49.JPEG
312,3kptgtlu.JPEG,9,data/test/3kptgtlu.JPEG
313,vq71qrgo.JPEG,4,data/test/vq71qrgo.JPEG
314,ljh4aloy.JPEG,8,data/test/ljh4aloy.JPEG
315,265nhnp4.JPEG,0,data/test/265nhnp4.JPEG
316,li17f5o1.JPEG,6,data/test/li17f5o1.JPEG
317,4h64syd6.JPEG,7,data/test/4h64syd6.JPEG
318,rzpep9xa.JPEG,4,data/test/rzpep9xa.JPEG
319,7ec9v2zj.JPEG,1,data/test/7ec9v2zj.JPEG
320,8iscn4jk.JPEG,0,data/test/8iscn4jk.JPEG
321,43egy210.JPEG,1,data/test/43egy210.JPEG
322,c4f1ghyn.JPEG,4,data/test/c4f1ghyn.JPEG
323,k3q6nu38.JPEG,0,data/test/k3q6nu38.JPEG
324,y2eg6kq5.JPEG,1,data/test/y2eg6kq5.JPEG
325,ucgv3jix.JPEG,0,data/test/ucgv3jix.JPEG
326,4r5t4tio.JPEG,3,data/test/4r5t4tio.JPEG
327,yy5kolu9.JPEG,4,data/test/yy5kolu9.JPEG
328,8sdwn9yo.JPEG,2,data/test/8sdwn9yo.JPEG
329,kb6d0wj7.JPEG,0,data/test/kb6d0wj7.JPEG
330,id6z60gl.JPEG,5,data/test/id6z60gl.JPEG
331,swrfmlux.JPEG,9,data/test/swrfmlux.JPEG
332,y3nzusdt.JPEG,8,data/test/y3nzusdt.JPEG
333,ielya6i3.JPEG,1,data/test/ielya6i3.JPEG
334,kyxlqrb1.JPEG,6,data/test/kyxlqrb1.JPEG
335,n6c6719n.JPEG,0,data/test/n6c6719n.JPEG
336,7gufrf0q.JPEG,7,data/test/7gufrf0q.JPEG
337,ngr9wrxz.JPEG,8,data/test/ngr9wrxz.JPEG
338,dnt5k4th.JPEG,4,data/test/dnt5k4th.JPEG
339,rgnhdlvr.JPEG,2,data/test/rgnhdlvr.JPEG
340,mua1x3vs.JPEG,4,data/test/mua1x3vs.JPEG
341,h2omrx25.JPEG,4,data/test/h2omrx25.JPEG
342,7iljt65o.JPEG,6,data/test/7iljt65o.JPEG
343,3hta4t4d.JPEG,2,data/test/3hta4t4d.JPEG
344,ufm1l61u.JPEG,1,data/test/ufm1l61u.JPEG
345,r4ksef8a.JPEG,7,data/test/r4ksef8a.JPEG
346,hk9hawhr.JPEG,8,data/test/hk9hawhr.JPEG
347,vvw6tkc7.JPEG,8,data/test/vvw6tkc7.JPEG
348,btc2fr9b.JPEG,3,data/test/btc2fr9b.JPEG
349,q1uhyehz.JPEG,6,data/test/q1uhyehz.JPEG
350,xloi6yjp.JPEG,4,data/test/xloi6yjp.JPEG
351,vfubjta2.JPEG,6,data/test/vfubjta2.JPEG
352,5imn723l.JPEG,0,data/test/5imn723l.JPEG
353,0y71vfh1.JPEG,8,data/test/0y71vfh1.JPEG
354,cbpck1sz.JPEG,6,data/test/cbpck1sz.JPEG
355,ao1hbl2b.JPEG,3,data/test/ao1hbl2b.JPEG
356,jd83lddi.JPEG,8,data/test/jd83lddi.JPEG
357,mknjs58y.JPEG,7,data/test/mknjs58y.JPEG
358,ku898wog.JPEG,8,data/test/ku898wog.JPEG
359,w4x8egt9.JPEG,4,data/test/w4x8egt9.JPEG
360,grn7q466.JPEG,7,data/test/grn7q466.JPEG
361,0ex9u11x.JPEG,1,data/test/0ex9u11x.JPEG
362,rdi5vv52.JPEG,2,data/test/rdi5vv52.JPEG
363,5klaiilb.JPEG,5,data/test/5klaiilb.JPEG
364,3cvopean.JPEG,5,data/test/3cvopean.JPEG
365,zpc0i2hh.JPEG,9,data/test/zpc0i2hh.JPEG
366,l9f1xuxn.JPEG,2,data/test/l9f1xuxn.JPEG
367,9p191ex2.JPEG,8,data/test/9p191ex2.JPEG
368,jc7xouv3.JPEG,6,data/test/jc7xouv3.JPEG
369,vnx8idl1.JPEG,2,data/test/vnx8idl1.JPEG
370,e0jfdd7t.JPEG,7,data/test/e0jfdd7t.JPEG
371,crq3ypoi.JPEG,2,data/test/crq3ypoi.JPEG
372,6epqfflv.JPEG,9,data/test/6epqfflv.JPEG
373,d265e19z.JPEG,3,data/test/d265e19z.JPEG
374,6d24ck1r.JPEG,3,data/test/6d24ck1r.JPEG
375,jwppqoi4.JPEG,4,data/test/jwppqoi4.JPEG
376,wonsm3m5.JPEG,3,data/test/wonsm3m5.JPEG
377,ffyvycwt.JPEG,0,data/test/ffyvycwt.JPEG
378,eveit5k2.JPEG,8,data/test/eveit5k2.JPEG
379,qgo44ru2.JPEG,2,data/test/qgo44ru2.JPEG
380,4nljrbcn.JPEG,8,data/test/4nljrbcn.JPEG
381,a0vnect2.JPEG,0,data/test/a0vnect2.JPEG
382,caikk3qa.JPEG,3,data/test/caikk3qa.JPEG
383,t5rmv28g.JPEG,7,data/test/t5rmv28g.JPEG
384,bjpamdnk.JPEG,0,data/test/bjpamdnk.JPEG
385,faqsnhka.JPEG,4,data/test/faqsnhka.JPEG
386,cmy7ys4q.JPEG,9,data/test/cmy7ys4q.JPEG
387,joihhobw.JPEG,5,data/test/joihhobw.JPEG
388,8ti3u7k4.JPEG,3,data/test/8ti3u7k4.JPEG
389,ehrfqt86.JPEG,5,data/test/ehrfqt86.JPEG
390,3iide9oz.JPEG,0,data/test/3iide9oz.JPEG
391,5od5pa2k.JPEG,4,data/test/5od5pa2k.JPEG
392,bzdq14x7.JPEG,2,data/test/bzdq14x7.JPEG
393,9ddjuies.JPEG,3,data/test/9ddjuies.JPEG
394,47j9lgaj.JPEG,3,data/test/47j9lgaj.JPEG
395,qqqsm3go.JPEG,0,data/test/qqqsm3go.JPEG
396,cb3dakpk.JPEG,9,data/test/cb3dakpk.JPEG
397,h1ukxqmh.JPEG,7,data/test/h1ukxqmh.JPEG
398,tu1owq2j.JPEG,2,data/test/tu1owq2j.JPEG
399,gc2wto4w.JPEG,2,data/test/gc2wto4w.JPEG
400,fvp57lgj.JPEG,1,data/test/fvp57lgj.JPEG
401,7jh8mg3u.JPEG,2,data/test/7jh8mg3u.JPEG
402,f8idnnn9.JPEG,1,data/test/f8idnnn9.JPEG
403,0n6u5q7o.JPEG,1,data/test/0n6u5q7o.JPEG
404,qqignrj1.JPEG,8,data/test/qqignrj1.JPEG
405,7h04uj0b.JPEG,9,data/test/7h04uj0b.JPEG
406,ysrzo618.JPEG,6,data/test/ysrzo618.JPEG
407,e5o6l58i.JPEG,0,data/test/e5o6l58i.JPEG
408,0qalxv2g.JPEG,5,data/test/0qalxv2g.JPEG
409,zuadr2ua.JPEG,4,data/test/zuadr2ua.JPEG
410,ut4poxcc.JPEG,3,data/test/ut4poxcc.JPEG
411,ldh6xtj4.JPEG,7,data/test/ldh6xtj4.JPEG
412,0plirhqm.JPEG,4,data/test/0plirhqm.JPEG
413,shvjig1p.JPEG,4,data/test/shvjig1p.JPEG
414,myv2bcdh.JPEG,4,data/test/myv2bcdh.JPEG
415,k24rpx58.JPEG,3,data/test/k24rpx58.JPEG
416,j7vawf32.JPEG,7,data/test/j7vawf32.JPEG
417,p33909kh.JPEG,4,data/test/p33909kh.JPEG
418,tkunxp74.JPEG,2,data/test/tkunxp74.JPEG
419,shzmrkit.JPEG,1,data/test/shzmrkit.JPEG
420,a63l2ktn.JPEG,2,data/test/a63l2ktn.JPEG
421,ewq7q6lo.JPEG,0,data/test/ewq7q6lo.JPEG
422,s5ivxrbb.JPEG,4,data/test/s5ivxrbb.JPEG
423,tj8ty122.JPEG,0,data/test/tj8ty122.JPEG
424,aiweuz30.JPEG,7,data/test/aiweuz30.JPEG
425,fb0pq5sl.JPEG,9,data/test/fb0pq5sl.JPEG
426,her333h7.JPEG,8,data/test/her333h7.JPEG
427,qao0tc0e.JPEG,0,data/test/qao0tc0e.JPEG
428,a4e0f2p3.JPEG,2,data/test/a4e0f2p3.JPEG
429,ojrpwvpc.JPEG,5,data/test/ojrpwvpc.JPEG
430,yhdyh8rr.JPEG,0,data/test/yhdyh8rr.JPEG
431,x6cm3cpe.JPEG,7,data/test/x6cm3cpe.JPEG
432,f7v2lcsb.JPEG,5,data/test/f7v2lcsb.JPEG
433,riufuzkn.JPEG,1,data/test/riufuzkn.JPEG
434,lmajw1nu.JPEG,1,data/test/lmajw1nu.JPEG
435,4wuqjg9g.JPEG,5,data/test/4wuqjg9g.JPEG
436,i5r4xamo.JPEG,1,data/test/i5r4xamo.JPEG
437,t035ji1s.JPEG,3,data/test/t035ji1s.JPEG
438,zedhw3r9.JPEG,8,data/test/zedhw3r9.JPEG
439,u1mognqk.JPEG,1,data/test/u1mognqk.JPEG
440,6w5dgciw.JPEG,3,data/test/6w5dgciw.JPEG
441,kfkpqz5l.JPEG,6,data/test/kfkpqz5l.JPEG
442,ityapdt1.JPEG,1,data/test/ityapdt1.JPEG
443,ql9txesz.JPEG,2,data/test/ql9txesz.JPEG
444,ywt2pbru.JPEG,6,data/test/ywt2pbru.JPEG
445,iia2xa4c.JPEG,6,data/test/iia2xa4c.JPEG
446,zjm7nnfc.JPEG,4,data/test/zjm7nnfc.JPEG
447,ljhvozxw.JPEG,6,data/test/ljhvozxw.JPEG
448,tw6ca4np.JPEG,3,data/test/tw6ca4np.JPEG
449,8hg0akkk.JPEG,1,data/test/8hg0akkk.JPEG
450,z2kqhuh9.JPEG,0,data/test/z2kqhuh9.JPEG
451,xli9ri3c.JPEG,1,data/test/xli9ri3c.JPEG
452,cvps56e0.JPEG,0,data/test/cvps56e0.JPEG
453,o3dgb5p0.JPEG,1,data/test/o3dgb5p0.JPEG
454,g0tzrsot.JPEG,8,data/test/g0tzrsot.JPEG
455,lijs3r8h.JPEG,1,data/test/lijs3r8h.JPEG
456,vgmd4qfz.JPEG,8,data/test/vgmd4qfz.JPEG
457,xsmfdwwy.JPEG,1,data/test/xsmfdwwy.JPEG
458,e0h5fqjx.JPEG,2,data/test/e0h5fqjx.JPEG
459,dskeyh62.JPEG,6,data/test/dskeyh62.JPEG
460,gt2oany4.JPEG,2,data/test/gt2oany4.JPEG
461,r9iko4dv.JPEG,3,data/test/r9iko4dv.JPEG
462,6mg9tbv8.JPEG,5,data/test/6mg9tbv8.JPEG
463,16zirbsq.JPEG,5,data/test/16zirbsq.JPEG
464,344md0yl.JPEG,2,data/test/344md0yl.JPEG
465,w78n805d.JPEG,9,data/test/w78n805d.JPEG
466,o3k6ydie.JPEG,1,data/test/o3k6ydie.JPEG
467,ayg3zcbs.JPEG,5,data/test/ayg3zcbs.JPEG
468,p43zwicv.JPEG,4,data/test/p43zwicv.JPEG
469,8zgyt93m.JPEG,5,data/test/8zgyt93m.JPEG
470,xan6816q.JPEG,9,data/test/xan6816q.JPEG
471,u6q2vg3z.JPEG,4,data/test/u6q2vg3z.JPEG
472,jwtonqe7.JPEG,0,data/test/jwtonqe7.JPEG
473,joft0mmc.JPEG,1,data/test/joft0mmc.JPEG
474,ebkqu3u9.JPEG,2,data/test/ebkqu3u9.JPEG
475,x97g4a7j.JPEG,9,data/test/x97g4a7j.JPEG
476,08uc0acw.JPEG,0,data/test/08uc0acw.JPEG
477,830rplpz.JPEG,7,data/test/830rplpz.JPEG
478,0qjxicj3.JPEG,2,data/test/0qjxicj3.JPEG
479,a7dcgxbd.JPEG,2,data/test/a7dcgxbd.JPEG
480,hn3a7bub.JPEG,0,data/test/hn3a7bub.JPEG
481,xd6vdtrs.JPEG,8,data/test/xd6vdtrs.JPEG
482,0s1wni7b.JPEG,3,data/test/0s1wni7b.JPEG
483,87bt1akq.JPEG,1,data/test/87bt1akq.JPEG
484,iuv250le.JPEG,9,data/test/iuv250le.JPEG
485,t8udfzvp.JPEG,2,data/test/t8udfzvp.JPEG
486,rnosw9r8.JPEG,8,data/test/rnosw9r8.JPEG
487,vlgep362.JPEG,1,data/test/vlgep362.JPEG
488,cvlfn982.JPEG,1,data/test/cvlfn982.JPEG
489,1op292k4.JPEG,7,data/test/1op292k4.JPEG
490,ev5pobsb.JPEG,5,data/test/ev5pobsb.JPEG
491,8l2yk2kq.JPEG,1,data/test/8l2yk2kq.JPEG
492,60aphz1w.JPEG,7,data/test/60aphz1w.JPEG
493,sigqysuc.JPEG,3,data/test/sigqysuc.JPEG
494,2bejo7qo.JPEG,5,data/test/2bejo7qo.JPEG
495,7eb2k2jc.JPEG,1,data/test/7eb2k2jc.JPEG
496,2blptlab.JPEG,3,data/test/2blptlab.JPEG
497,ifbt5ftf.JPEG,2,data/test/ifbt5ftf.JPEG
498,b6jyauta.JPEG,3,data/test/b6jyauta.JPEG
499,ae05qwwd.JPEG,8,data/test/ae05qwwd.JPEG
500,yjn09ds1.JPEG,5,data/test/yjn09ds1.JPEG
501,uuypum78.JPEG,3,data/test/uuypum78.JPEG
502,qma5brpr.JPEG,0,data/test/qma5brpr.JPEG
503,boqyzqjo.JPEG,2,data/test/boqyzqjo.JPEG
504,uotv01t3.JPEG,8,data/test/uotv01t3.JPEG
505,lrrg67eb.JPEG,7,data/test/lrrg67eb.JPEG
506,4q8j76r9.JPEG,2,data/test/4q8j76r9.JPEG
507,xiv335in.JPEG,8,data/test/xiv335in.JPEG
508,u1ij7798.JPEG,4,data/test/u1ij7798.JPEG
509,ob57w43q.JPEG,3,data/test/ob57w43q.JPEG
510,40qf8es4.JPEG,6,data/test/40qf8es4.JPEG
511,839oe36v.JPEG,2,data/test/839oe36v.JPEG
512,57unirx9.JPEG,4,data/test/57unirx9.JPEG
513,pr18gwym.JPEG,3,data/test/pr18gwym.JPEG
514,cloyuxv2.JPEG,8,data/test/cloyuxv2.JPEG
515,g7f7p3by.JPEG,6,data/test/g7f7p3by.JPEG
516,t90v9ey7.JPEG,3,data/test/t90v9ey7.JPEG
517,jf2ju2b3.JPEG,0,data/test/jf2ju2b3.JPEG
518,zvkb0pgz.JPEG,2,data/test/zvkb0pgz.JPEG
519,dflrnior.JPEG,5,data/test/dflrnior.JPEG
520,3o4i9cmt.JPEG,1,data/test/3o4i9cmt.JPEG
521,pmxp5vzh.JPEG,3,data/test/pmxp5vzh.JPEG
522,bbaeg9f9.JPEG,8,data/test/bbaeg9f9.JPEG
523,ryf76705.JPEG,6,data/test/ryf76705.JPEG
524,g4d8b6qy.JPEG,0,data/test/g4d8b6qy.JPEG
525,40dpep92.JPEG,7,data/test/40dpep92.JPEG
526,ywfxn01b.JPEG,0,data/test/ywfxn01b.JPEG
527,fgabb7wr.JPEG,0,data/test/fgabb7wr.JPEG
528,ocftvoq8.JPEG,6,data/test/ocftvoq8.JPEG
529,2fanoagy.JPEG,9,data/test/2fanoagy.JPEG
530,rewmfneb.JPEG,8,data/test/rewmfneb.JPEG
531,dytjx8ab.JPEG,2,data/test/dytjx8ab.JPEG
532,13w4plo4.JPEG,4,data/test/13w4plo4.JPEG
533,h8km9fts.JPEG,6,data/test/h8km9fts.JPEG
534,h0rjprf5.JPEG,4,data/test/h0rjprf5.JPEG
535,zzuio36u.JPEG,7,data/test/zzuio36u.JPEG
536,aqc3mf6c.JPEG,7,data/test/aqc3mf6c.JPEG
537,ieik8rfb.JPEG,6,data/test/ieik8rfb.JPEG
538,0kx6dx65.JPEG,5,data/test/0kx6dx65.JPEG
539,pofsaktm.JPEG,7,data/test/pofsaktm.JPEG
540,g1oj8fur.JPEG,1,data/test/g1oj8fur.JPEG
541,2gv8bt1d.JPEG,8,data/test/2gv8bt1d.JPEG
542,p0ljndy0.JPEG,4,data/test/p0ljndy0.JPEG
543,8was8e4g.JPEG,5,data/test/8was8e4g.JPEG
544,vtqlvitl.JPEG,5,data/test/vtqlvitl.JPEG
545,oel6bbxy.JPEG,8,data/test/oel6bbxy.JPEG
546,s0i3c2sw.JPEG,8,data/test/s0i3c2sw.JPEG
547,69le8xs8.JPEG,9,data/test/69le8xs8.JPEG
548,a3kxhrmm.JPEG,9,data/test/a3kxhrmm.JPEG
549,3gz8x5w6.JPEG,6,data/test/3gz8x5w6.JPEG
550,259gdvwo.JPEG,0,data/test/259gdvwo.JPEG
551,jhplr3hz.JPEG,5,data/test/jhplr3hz.JPEG
552,e68nutea.JPEG,9,data/test/e68nutea.JPEG
553,3l8ww6uc.JPEG,6,data/test/3l8ww6uc.JPEG
554,ajamgl8z.JPEG,8,data/test/ajamgl8z.JPEG
555,hmss7edm.JPEG,8,data/test/hmss7edm.JPEG
556,0epg23c4.JPEG,2,data/test/0epg23c4.JPEG
557,y2jdzej7.JPEG,3,data/test/y2jdzej7.JPEG
558,s8izo9n9.JPEG,0,data/test/s8izo9n9.JPEG
559,dqaxwfec.JPEG,5,data/test/dqaxwfec.JPEG
560,t46dnfvr.JPEG,8,data/test/t46dnfvr.JPEG
561,68w0zthv.JPEG,5,data/test/68w0zthv.JPEG
562,yf0v200e.JPEG,1,data/test/yf0v200e.JPEG
563,fs2v89i1.JPEG,0,data/test/fs2v89i1.JPEG
564,2zi6cvk8.JPEG,4,data/test/2zi6cvk8.JPEG
565,ozmbj3yi.JPEG,3,data/test/ozmbj3yi.JPEG
566,ttml7cq4.JPEG,0,data/test/ttml7cq4.JPEG
567,vucdxztl.JPEG,6,data/test/vucdxztl.JPEG
568,tw5aiyaj.JPEG,5,data/test/tw5aiyaj.JPEG
569,fvfg6kfa.JPEG,5,data/test/fvfg6kfa.JPEG
570,tu7o7ptf.JPEG,5,data/test/tu7o7ptf.JPEG
571,pjt1cne5.JPEG,0,data/test/pjt1cne5.JPEG
572,mm5v5nqe.JPEG,7,data/test/mm5v5nqe.JPEG
573,onm38fhd.JPEG,4,data/test/onm38fhd.JPEG
574,zv9b3md3.JPEG,4,data/test/zv9b3md3.JPEG
575,v7riulpf.JPEG,2,data/test/v7riulpf.JPEG
576,u7yzdkfq.JPEG,4,data/test/u7yzdkfq.JPEG
577,3o58ahjc.JPEG,3,data/test/3o58ahjc.JPEG
578,96ss92is.JPEG,6,data/test/96ss92is.JPEG
579,gp6ougam.JPEG,1,data/test/gp6ougam.JPEG
580,vzzszbfj.JPEG,8,data/test/vzzszbfj.JPEG
581,jdp3wzp4.JPEG,7,data/test/jdp3wzp4.JPEG
582,hbllvdfl.JPEG,5,data/test/hbllvdfl.JPEG
583,yw18mbjy.JPEG,4,data/test/yw18mbjy.JPEG
584,mrp7k8aq.JPEG,7,data/test/mrp7k8aq.JPEG
585,58ac5367.JPEG,4,data/test/58ac5367.JPEG
586,cbutsglw.JPEG,2,data/test/cbutsglw.JPEG
587,ugekjhd9.JPEG,2,data/test/ugekjhd9.JPEG
588,0d6kk3b4.JPEG,8,data/test/0d6kk3b4.JPEG
589,smk2g7n7.JPEG,1,data/test/smk2g7n7.JPEG
590,tbm0iqbm.JPEG,6,data/test/tbm0iqbm.JPEG
591,9vh0ylvk.JPEG,3,data/test/9vh0ylvk.JPEG
592,jaabujah.JPEG,5,data/test/jaabujah.JPEG
593,f83ap70b.JPEG,6,data/test/f83ap70b.JPEG
594,j7ml94z0.JPEG,4,data/test/j7ml94z0.JPEG
595,e0di1bcx.JPEG,7,data/test/e0di1bcx.JPEG
596,6o3cnqfi.JPEG,2,data/test/6o3cnqfi.JPEG
597,dxzmd485.JPEG,6,data/test/dxzmd485.JPEG
598,rwryzqw7.JPEG,8,data/test/rwryzqw7.JPEG
599,b0le6ojz.JPEG,3,data/test/b0le6ojz.JPEG
600,eeatcszt.JPEG,6,data/test/eeatcszt.JPEG
601,q6lv5zed.JPEG,4,data/test/q6lv5zed.JPEG
602,24m4hgj4.JPEG,0,data/test/24m4hgj4.JPEG
603,aigctukj.JPEG,8,data/test/aigctukj.JPEG
604,npu9sihb.JPEG,8,data/test/npu9sihb.JPEG
605,jsxtulp1.JPEG,4,data/test/jsxtulp1.JPEG
606,8l4r1nli.JPEG,1,data/test/8l4r1nli.JPEG
607,j83onnwn.JPEG,5,data/test/j83onnwn.JPEG
608,s4g23j2o.JPEG,1,data/test/s4g23j2o.JPEG
609,wlehf8hb.JPEG,3,data/test/wlehf8hb.JPEG
610,1qiihmic.JPEG,0,data/test/1qiihmic.JPEG
611,tackilr7.JPEG,1,data/test/tackilr7.JPEG
612,qpi1jz5x.JPEG,5,data/test/qpi1jz5x.JPEG
613,j8zjx5pp.JPEG,3,data/test/j8zjx5pp.JPEG
614,60tsx9zz.JPEG,1,data/test/60tsx9zz.JPEG
615,q0yjz94f.JPEG,0,data/test/q0yjz94f.JPEG
616,yad1axgp.JPEG,0,data/test/yad1axgp.JPEG
617,wzzv76aj.JPEG,3,data/test/wzzv76aj.JPEG
618,wdxr12ly.JPEG,6,data/test/wdxr12ly.JPEG
619,6v4j8zld.JPEG,7,data/test/6v4j8zld.JPEG
620,n2al9upm.JPEG,6,data/test/n2al9upm.JPEG
621,solip12d.JPEG,0,data/test/solip12d.JPEG
622,sgxuduvs.JPEG,2,data/test/sgxuduvs.JPEG
623,9f4vhtgi.JPEG,0,data/test/9f4vhtgi.JPEG
624,uasm8pxa.JPEG,9,data/test/uasm8pxa.JPEG
625,4j7v76mx.JPEG,6,data/test/4j7v76mx.JPEG
626,qtdgw7tz.JPEG,4,data/test/qtdgw7tz.JPEG
627,xugx7mab.JPEG,9,data/test/xugx7mab.JPEG
628,uhd044my.JPEG,0,data/test/uhd044my.JPEG
629,mvscvppp.JPEG,2,data/test/mvscvppp.JPEG
630,992s3opr.JPEG,9,data/test/992s3opr.JPEG
631,31ed5srs.JPEG,5,data/test/31ed5srs.JPEG
632,3b40lece.JPEG,1,data/test/3b40lece.JPEG
633,o7kybnle.JPEG,2,data/test/o7kybnle.JPEG
634,18ow0tgr.JPEG,9,data/test/18ow0tgr.JPEG
635,6affwnd8.JPEG,8,data/test/6affwnd8.JPEG
636,y4uit8hr.JPEG,1,data/test/y4uit8hr.JPEG
637,4sx8ctv2.JPEG,7,data/test/4sx8ctv2.JPEG
638,74zeqfx2.JPEG,1,data/test/74zeqfx2.JPEG
639,c0ja1z41.JPEG,8,data/test/c0ja1z41.JPEG
640,4vpwa3sa.JPEG,3,data/test/4vpwa3sa.JPEG
641,xgc06j0i.JPEG,9,data/test/xgc06j0i.JPEG
642,i9fcf24w.JPEG,8,data/test/i9fcf24w.JPEG
643,ujgpmv5q.JPEG,3,data/test/ujgpmv5q.JPEG
644,u3wpv73e.JPEG,4,data/test/u3wpv73e.JPEG
645,juoki032.JPEG,4,data/test/juoki032.JPEG
646,uvwlnhk0.JPEG,1,data/test/uvwlnhk0.JPEG
647,c3mkib4f.JPEG,8,data/test/c3mkib4f.JPEG
648,zrog2s91.JPEG,9,data/test/zrog2s91.JPEG
649,52bar6wv.JPEG,7,data/test/52bar6wv.JPEG
650,h2r7m5ce.JPEG,2,data/test/h2r7m5ce.JPEG
651,5zulfy4v.JPEG,4,data/test/5zulfy4v.JPEG
652,b950w877.JPEG,5,data/test/b950w877.JPEG
653,n8limj5x.JPEG,7,data/test/n8limj5x.JPEG
654,fnbzmhhc.JPEG,8,data/test/fnbzmhhc.JPEG
655,8e57u2hm.JPEG,4,data/test/8e57u2hm.JPEG
656,8wgcc1er.JPEG,1,data/test/8wgcc1er.JPEG
657,gfgt7j75.JPEG,2,data/test/gfgt7j75.JPEG
658,eweg8ccd.JPEG,8,data/test/eweg8ccd.JPEG
659,6w8619tz.JPEG,7,data/test/6w8619tz.JPEG
660,qqpzke74.JPEG,7,data/test/qqpzke74.JPEG
661,uayoctex.JPEG,5,data/test/uayoctex.JPEG
662,emdfs2nu.JPEG,7,data/test/emdfs2nu.JPEG
663,ywxmbgis.JPEG,7,data/test/ywxmbgis.JPEG
664,rshk6jxw.JPEG,2,data/test/rshk6jxw.JPEG
665,05w43hse.JPEG,0,data/test/05w43hse.JPEG
666,069qsy5n.JPEG,8,data/test/069qsy5n.JPEG
667,k07u0n3i.JPEG,5,data/test/k07u0n3i.JPEG
668,uvz56jrb.JPEG,8,data/test/uvz56jrb.JPEG
669,hk33edjt.JPEG,7,data/test/hk33edjt.JPEG
670,dbjdi3ot.JPEG,3,data/test/dbjdi3ot.JPEG
671,g9k6cod9.JPEG,2,data/test/g9k6cod9.JPEG
672,cloog9eg.JPEG,9,data/test/cloog9eg.JPEG
673,tiha2pa8.JPEG,6,data/test/tiha2pa8.JPEG
674,oychelnz.JPEG,8,data/test/oychelnz.JPEG
675,hwix8mtg.JPEG,5,data/test/hwix8mtg.JPEG
676,xaim0w38.JPEG,9,data/test/xaim0w38.JPEG
677,tkapxtts.JPEG,4,data/test/tkapxtts.JPEG
678,sbk64dpo.JPEG,3,data/test/sbk64dpo.JPEG
679,7kz78egw.JPEG,6,data/test/7kz78egw.JPEG
680,o0lxb7t9.JPEG,1,data/test/o0lxb7t9.JPEG
681,vd2x8k7v.JPEG,2,data/test/vd2x8k7v.JPEG
682,lde09egp.JPEG,2,data/test/lde09egp.JPEG
683,4doem0h3.JPEG,0,data/test/4doem0h3.JPEG
684,jjud707v.JPEG,1,data/test/jjud707v.JPEG
685,vxox4g87.JPEG,6,data/test/vxox4g87.JPEG
686,0gaed3v9.JPEG,7,data/test/0gaed3v9.JPEG
687,rt5hqtsh.JPEG,2,data/test/rt5hqtsh.JPEG
688,3oi0lfaw.JPEG,7,data/test/3oi0lfaw.JPEG
689,7pptjuqd.JPEG,8,data/test/7pptjuqd.JPEG
690,rq38zq8g.JPEG,7,data/test/rq38zq8g.JPEG
691,ewfxmnq1.JPEG,4,data/test/ewfxmnq1.JPEG
692,d7hbgr25.JPEG,1,data/test/d7hbgr25.JPEG
693,cj4pbltf.JPEG,3,data/test/cj4pbltf.JPEG
694,pyud1cot.JPEG,1,data/test/pyud1cot.JPEG
695,eegi0fyn.JPEG,9,data/test/eegi0fyn.JPEG
696,o9q5mgzp.JPEG,3,data/test/o9q5mgzp.JPEG
697,1ew0jhaz.JPEG,3,data/test/1ew0jhaz.JPEG
698,xs22m2mh.JPEG,8,data/test/xs22m2mh.JPEG
699,oyrbjkz1.JPEG,4,data/test/oyrbjkz1.JPEG
700,5v5itjy5.JPEG,4,data/test/5v5itjy5.JPEG
701,ior3i2jm.JPEG,8,data/test/ior3i2jm.JPEG
702,an2qqlr2.JPEG,8,data/test/an2qqlr2.JPEG
703,k7ge9k1h.JPEG,0,data/test/k7ge9k1h.JPEG
704,9yi1b5vf.JPEG,7,data/test/9yi1b5vf.JPEG
705,ojx9o6d8.JPEG,1,data/test/ojx9o6d8.JPEG
706,1202ovxb.JPEG,1,data/test/1202ovxb.JPEG
707,lwmrwxkk.JPEG,3,data/test/lwmrwxkk.JPEG
708,if1r1cj6.JPEG,5,data/test/if1r1cj6.JPEG
709,h5vvvh3g.JPEG,5,data/test/h5vvvh3g.JPEG
710,mo9f3xlz.JPEG,0,data/test/mo9f3xlz.JPEG
711,abareklf.JPEG,8,data/test/abareklf.JPEG
712,gl9y9z84.JPEG,7,data/test/gl9y9z84.JPEG
713,bqqmaoz6.JPEG,1,data/test/bqqmaoz6.JPEG
714,ogy9kuiy.JPEG,2,data/test/ogy9kuiy.JPEG
715,ht6zcgz3.JPEG,9,data/test/ht6zcgz3.JPEG
716,umid7681.JPEG,2,data/test/umid7681.JPEG
717,b2iqfhob.JPEG,0,data/test/b2iqfhob.JPEG
718,i2tcnlcg.JPEG,9,data/test/i2tcnlcg.JPEG
719,znxp90la.JPEG,6,data/test/znxp90la.JPEG
720,8yuikkip.JPEG,4,data/test/8yuikkip.JPEG
721,ejvd5ytc.JPEG,2,data/test/ejvd5ytc.JPEG
722,o23j1p65.JPEG,5,data/test/o23j1p65.JPEG
723,rci58t0v.JPEG,5,data/test/rci58t0v.JPEG
724,mqmmakd3.JPEG,2,data/test/mqmmakd3.JPEG
725,6y6lpu3b.JPEG,5,data/test/6y6lpu3b.JPEG
726,7mz7yag8.JPEG,3,data/test/7mz7yag8.JPEG
727,s1k1884s.JPEG,0,data/test/s1k1884s.JPEG
728,tbpk4njg.JPEG,5,data/test/tbpk4njg.JPEG
729,1zjzcc0v.JPEG,6,data/test/1zjzcc0v.JPEG
730,q45211nl.JPEG,1,data/test/q45211nl.JPEG
731,1cs6vcgd.JPEG,3,data/test/1cs6vcgd.JPEG
732,y3wh09on.JPEG,0,data/test/y3wh09on.JPEG
733,p86l5kq5.JPEG,9,data/test/p86l5kq5.JPEG
734,u8ux241k.JPEG,1,data/test/u8ux241k.JPEG
735,6dlgu1x7.JPEG,1,data/test/6dlgu1x7.JPEG
736,scqvs1hv.JPEG,4,data/test/scqvs1hv.JPEG
737,t8g9sydd.JPEG,6,data/test/t8g9sydd.JPEG
738,v2n4zsl9.JPEG,1,data/test/v2n4zsl9.JPEG
739,7kcsvfyv.JPEG,5,data/test/7kcsvfyv.JPEG
740,iay459o3.JPEG,4,data/test/iay459o3.JPEG
741,xjpmhqtw.JPEG,2,data/test/xjpmhqtw.JPEG
742,fkj4gfzm.JPEG,3,data/test/fkj4gfzm.JPEG
743,jreej49f.JPEG,1,data/test/jreej49f.JPEG
744,okojrags.JPEG,3,data/test/okojrags.JPEG
745,aegqd5in.JPEG,1,data/test/aegqd5in.JPEG
746,ibeanx1g.JPEG,0,data/test/ibeanx1g.JPEG
747,9nw8s3m9.JPEG,8,data/test/9nw8s3m9.JPEG
748,iao0pio1.JPEG,7,data/test/iao0pio1.JPEG
749,irr1o52n.JPEG,5,data/test/irr1o52n.JPEG
750,1ofwszvr.JPEG,1,data/test/1ofwszvr.JPEG
751,77jhb6xg.JPEG,4,data/test/77jhb6xg.JPEG
752,pftjy7ko.JPEG,7,data/test/pftjy7ko.JPEG
753,ush9jsay.JPEG,2,data/test/ush9jsay.JPEG
754,21amrn2v.JPEG,5,data/test/21amrn2v.JPEG
755,ucg7hlxc.JPEG,6,data/test/ucg7hlxc.JPEG
756,bod3fd99.JPEG,3,data/test/bod3fd99.JPEG
757,az0iiiwg.JPEG,5,data/test/az0iiiwg.JPEG
758,xi8sozwn.JPEG,9,data/test/xi8sozwn.JPEG
759,qnlq59wq.JPEG,4,data/test/qnlq59wq.JPEG
760,vmx5f2p8.JPEG,3,data/test/vmx5f2p8.JPEG
761,e0o5qezw.JPEG,0,data/test/e0o5qezw.JPEG
762,gisr7tsx.JPEG,3,data/test/gisr7tsx.JPEG
763,zq8indyy.JPEG,8,data/test/zq8indyy.JPEG
764,w5888tsa.JPEG,7,data/test/w5888tsa.JPEG
765,v1isysg5.JPEG,3,data/test/v1isysg5.JPEG
766,jc3emzb0.JPEG,2,data/test/jc3emzb0.JPEG
767,avpndkja.JPEG,2,data/test/avpndkja.JPEG
768,9kalp7bg.JPEG,8,data/test/9kalp7bg.JPEG
769,k69mvssz.JPEG,2,data/test/k69mvssz.JPEG
770,970pprcr.JPEG,2,data/test/970pprcr.JPEG
771,1eb4o178.JPEG,8,data/test/1eb4o178.JPEG
772,4mu48qyd.JPEG,4,data/test/4mu48qyd.JPEG
773,31zr71t2.JPEG,9,data/test/31zr71t2.JPEG
774,xrlr7ag2.JPEG,2,data/test/xrlr7ag2.JPEG
775,zny5hx8c.JPEG,9,data/test/zny5hx8c.JPEG
776,e9a72ewv.JPEG,4,data/test/e9a72ewv.JPEG
777,7woo9dqw.JPEG,7,data/test/7woo9dqw.JPEG
778,70tvv2jz.JPEG,4,data/test/70tvv2jz.JPEG
779,0xui3drj.JPEG,9,data/test/0xui3drj.JPEG
780,40shhzek.JPEG,6,data/test/40shhzek.JPEG
781,ns1pwa3h.JPEG,7,data/test/ns1pwa3h.JPEG
782,5hljq6sq.JPEG,0,data/test/5hljq6sq.JPEG
783,hiflczqw.JPEG,7,data/test/hiflczqw.JPEG
784,v3v7zu92.JPEG,9,data/test/v3v7zu92.JPEG
785,s5qp0y86.JPEG,1,data/test/s5qp0y86.JPEG
786,6rrh7i6n.JPEG,0,data/test/6rrh7i6n.JPEG
787,p5lqu1e1.JPEG,7,data/test/p5lqu1e1.JPEG
788,uw38n5jt.JPEG,2,data/test/uw38n5jt.JPEG
789,2o5j3ox0.JPEG,9,data/test/2o5j3ox0.JPEG
790,l4r4jghd.JPEG,2,data/test/l4r4jghd.JPEG
791,17w06qkt.JPEG,9,data/test/17w06qkt.JPEG
792,c7j2y7t1.JPEG,3,data/test/c7j2y7t1.JPEG
793,fmj2dae8.JPEG,3,data/test/fmj2dae8.JPEG
794,xtfjdweq.JPEG,8,data/test/xtfjdweq.JPEG
795,52tvui82.JPEG,6,data/test/52tvui82.JPEG
796,x2n70ruw.JPEG,5,data/test/x2n70ruw.JPEG
797,32sfeq6h.JPEG,2,data/test/32sfeq6h.JPEG
798,0bktxwko.JPEG,1,data/test/0bktxwko.JPEG
799,bb6k0cgo.JPEG,3,data/test/bb6k0cgo.JPEG
800,v6l8rlep.JPEG,1,data/test/v6l8rlep.JPEG
801,8crxgtmn.JPEG,4,data/test/8crxgtmn.JPEG
802,d3ofv2wp.JPEG,8,data/test/d3ofv2wp.JPEG
803,iitszcmm.JPEG,5,data/test/iitszcmm.JPEG
804,cshi9oxn.JPEG,1,data/test/cshi9oxn.JPEG
805,h7ejrgy3.JPEG,5,data/test/h7ejrgy3.JPEG
806,3els4359.JPEG,5,data/test/3els4359.JPEG
807,82iquyna.JPEG,4,data/test/82iquyna.JPEG
808,zjr27biq.JPEG,2,data/test/zjr27biq.JPEG
809,gwlzxcyh.JPEG,8,data/test/gwlzxcyh.JPEG
810,k7yvtvxw.JPEG,6,data/test/k7yvtvxw.JPEG
811,o6iicxyr.JPEG,5,data/test/o6iicxyr.JPEG
812,dotd7u8q.JPEG,7,data/test/dotd7u8q.JPEG
813,4s0zabwt.JPEG,5,data/test/4s0zabwt.JPEG
814,vnpxh2nr.JPEG,8,data/test/vnpxh2nr.JPEG
815,ly4j2upj.JPEG,1,data/test/ly4j2upj.JPEG
816,ulun8jnp.JPEG,7,data/test/ulun8jnp.JPEG
817,q2d09a74.JPEG,6,data/test/q2d09a74.JPEG
818,dhrre4fc.JPEG,9,data/test/dhrre4fc.JPEG
819,qtr01phg.JPEG,1,data/test/qtr01phg.JPEG
820,co0j9kz1.JPEG,5,data/test/co0j9kz1.JPEG
821,v1yg67mw.JPEG,1,data/test/v1yg67mw.JPEG
822,1n092vs5.JPEG,4,data/test/1n092vs5.JPEG
823,0nbugoab.JPEG,5,data/test/0nbugoab.JPEG
824,t6xuzsqt.JPEG,7,data/test/t6xuzsqt.JPEG
825,u3ccj3s4.JPEG,8,data/test/u3ccj3s4.JPEG
826,p4r7wv0r.JPEG,5,data/test/p4r7wv0r.JPEG
827,yp8j5k3k.JPEG,6,data/test/yp8j5k3k.JPEG
828,ei3k8diq.JPEG,2,data/test/ei3k8diq.JPEG
829,m0ag1eqa.JPEG,3,data/test/m0ag1eqa.JPEG
830,xcmqwczm.JPEG,1,data/test/xcmqwczm.JPEG
831,cw2ddp87.JPEG,7,data/test/cw2ddp87.JPEG
832,rb97biib.JPEG,8,data/test/rb97biib.JPEG
833,ajd4o5u1.JPEG,9,data/test/ajd4o5u1.JPEG
834,lvc8zg2y.JPEG,6,data/test/lvc8zg2y.JPEG
835,ebwlo0ai.JPEG,1,data/test/ebwlo0ai.JPEG
836,zmi8zyaf.JPEG,9,data/test/zmi8zyaf.JPEG
837,5jmkawg1.JPEG,4,data/test/5jmkawg1.JPEG
838,meuufall.JPEG,0,data/test/meuufall.JPEG
839,znecm0yt.JPEG,0,data/test/znecm0yt.JPEG
840,s01iblca.JPEG,3,data/test/s01iblca.JPEG
841,sef8xvt7.JPEG,8,data/test/sef8xvt7.JPEG
842,hy15i8wu.JPEG,8,data/test/hy15i8wu.JPEG
843,tt63swcz.JPEG,3,data/test/tt63swcz.JPEG
844,ab7cdo62.JPEG,6,data/test/ab7cdo62.JPEG
845,ynklhm4a.JPEG,1,data/test/ynklhm4a.JPEG
846,9i7esw7c.JPEG,8,data/test/9i7esw7c.JPEG
847,yf68fcto.JPEG,3,data/test/yf68fcto.JPEG
848,h4xejmfp.JPEG,5,data/test/h4xejmfp.JPEG
849,hqfzalz4.JPEG,6,data/test/hqfzalz4.JPEG
850,yjsvlgbh.JPEG,2,data/test/yjsvlgbh.JPEG
851,eqqdy2e8.JPEG,5,data/test/eqqdy2e8.JPEG
852,9mc5g15y.JPEG,8,data/test/9mc5g15y.JPEG
853,n3vhkpma.JPEG,0,data/test/n3vhkpma.JPEG
854,ddjby6ce.JPEG,9,data/test/ddjby6ce.JPEG
855,xlaao0mc.JPEG,5,data/test/xlaao0mc.JPEG
856,ojdh2bhx.JPEG,5,data/test/ojdh2bhx.JPEG
857,5t1ik8e6.JPEG,9,data/test/5t1ik8e6.JPEG
858,9enqgvm4.JPEG,6,data/test/9enqgvm4.JPEG
859,sym3nkye.JPEG,7,data/test/sym3nkye.JPEG
860,2i0wqoau.JPEG,9,data/test/2i0wqoau.JPEG
861,1sblnw9j.JPEG,2,data/test/1sblnw9j.JPEG
862,lx862le7.JPEG,1,data/test/lx862le7.JPEG
863,aptsdjcx.JPEG,0,data/test/aptsdjcx.JPEG
864,5zavwjb8.JPEG,2,data/test/5zavwjb8.JPEG
865,aj7abtm4.JPEG,7,data/test/aj7abtm4.JPEG
866,880dvosv.JPEG,3,data/test/880dvosv.JPEG
867,2bes9ojv.JPEG,7,data/test/2bes9ojv.JPEG
868,osktva5v.JPEG,5,data/test/osktva5v.JPEG
869,24ykh7x6.JPEG,7,data/test/24ykh7x6.JPEG
870,48gfnvl6.JPEG,6,data/test/48gfnvl6.JPEG
871,aet9gqxi.JPEG,0,data/test/aet9gqxi.JPEG
872,kxbuiota.JPEG,0,data/test/kxbuiota.JPEG
873,brm0s85k.JPEG,2,data/test/brm0s85k.JPEG
874,921upx5m.JPEG,4,data/test/921upx5m.JPEG
875,8j542ckx.JPEG,1,data/test/8j542ckx.JPEG
876,dfo4q7wg.JPEG,1,data/test/dfo4q7wg.JPEG
877,724t63q0.JPEG,1,data/test/724t63q0.JPEG
878,7h8ucz61.JPEG,2,data/test/7h8ucz61.JPEG
879,5utnqfoz.JPEG,3,data/test/5utnqfoz.JPEG
880,d156s2h3.JPEG,7,data/test/d156s2h3.JPEG
881,e0nqqhgw.JPEG,9,data/test/e0nqqhgw.JPEG
882,xb5m3lu4.JPEG,9,data/test/xb5m3lu4.JPEG
883,ap2dohr1.JPEG,5,data/test/ap2dohr1.JPEG
884,x3yjjtln.JPEG,5,data/test/x3yjjtln.JPEG
885,n9q90d38.JPEG,7,data/test/n9q90d38.JPEG
886,kcbtwxl7.JPEG,2,data/test/kcbtwxl7.JPEG
887,o9tr3bke.JPEG,9,data/test/o9tr3bke.JPEG
888,dkl9yvsd.JPEG,5,data/test/dkl9yvsd.JPEG
889,lk6y21ft.JPEG,6,data/test/lk6y21ft.JPEG
890,til3ug9k.JPEG,7,data/test/til3ug9k.JPEG
891,y0p762vv.JPEG,0,data/test/y0p762vv.JPEG
892,xh9bma7l.JPEG,5,data/test/xh9bma7l.JPEG
893,3fkiydwu.JPEG,5,data/test/3fkiydwu.JPEG
894,439xlelb.JPEG,1,data/test/439xlelb.JPEG
895,tmjswa82.JPEG,8,data/test/tmjswa82.JPEG
896,93ct0702.JPEG,5,data/test/93ct0702.JPEG
897,0y23jf7l.JPEG,1,data/test/0y23jf7l.JPEG
898,ixqtzqc2.JPEG,0,data/test/ixqtzqc2.JPEG
899,oxjupunw.JPEG,9,data/test/oxjupunw.JPEG
900,b59yk54r.JPEG,1,data/test/b59yk54r.JPEG
901,k3tnko6x.JPEG,3,data/test/k3tnko6x.JPEG
902,ocxqiw3e.JPEG,4,data/test/ocxqiw3e.JPEG
903,u5oakejm.JPEG,3,data/test/u5oakejm.JPEG
904,u5fotbvr.JPEG,7,data/test/u5fotbvr.JPEG
905,mak3l146.JPEG,6,data/test/mak3l146.JPEG
906,5nljtmq9.JPEG,2,data/test/5nljtmq9.JPEG
907,dk26rcge.JPEG,4,data/test/dk26rcge.JPEG
908,vd0ij1v8.JPEG,3,data/test/vd0ij1v8.JPEG
909,clkictov.JPEG,9,data/test/clkictov.JPEG
910,0l591zpk.JPEG,1,data/test/0l591zpk.JPEG
911,fqhsuiic.JPEG,7,data/test/fqhsuiic.JPEG
912,tqegi2xd.JPEG,2,data/test/tqegi2xd.JPEG
913,omdz7mo1.JPEG,2,data/test/omdz7mo1.JPEG
914,ujtokt6i.JPEG,4,data/test/ujtokt6i.JPEG
915,gxac2tm1.JPEG,0,data/test/gxac2tm1.JPEG
916,8qfqf53d.JPEG,2,data/test/8qfqf53d.JPEG
917,irtocr14.JPEG,6,data/test/irtocr14.JPEG
918,91yq0rr5.JPEG,2,data/test/91yq0rr5.JPEG
919,kimk31nk.JPEG,6,data/test/kimk31nk.JPEG
920,j3rmr2x2.JPEG,7,data/test/j3rmr2x2.JPEG
921,bslk05hj.JPEG,8,data/test/bslk05hj.JPEG
922,1ozw9kmp.JPEG,3,data/test/1ozw9kmp.JPEG
923,emkwh0yi.JPEG,5,data/test/emkwh0yi.JPEG
924,vtwldwiu.JPEG,8,data/test/vtwldwiu.JPEG
925,r02kxxlt.JPEG,4,data/test/r02kxxlt.JPEG
926,nd327lw9.JPEG,1,data/test/nd327lw9.JPEG
927,mf7uex2o.JPEG,6,data/test/mf7uex2o.JPEG
928,eueifjom.JPEG,1,data/test/eueifjom.JPEG
929,6ktmhvq7.JPEG,5,data/test/6ktmhvq7.JPEG
930,3cw8c4ks.JPEG,6,data/test/3cw8c4ks.JPEG
931,04e8coke.JPEG,9,data/test/04e8coke.JPEG
932,gql8shph.JPEG,4,data/test/gql8shph.JPEG
933,ngtpzdil.JPEG,4,data/test/ngtpzdil.JPEG
934,fcnugxlr.JPEG,4,data/test/fcnugxlr.JPEG
935,xamyh9nr.JPEG,0,data/test/xamyh9nr.JPEG
936,zm7hgvhm.JPEG,2,data/test/zm7hgvhm.JPEG
937,6vodo2tt.JPEG,1,data/test/6vodo2tt.JPEG
938,0nh0winq.JPEG,3,data/test/0nh0winq.JPEG
939,xqmivx2e.JPEG,4,data/test/xqmivx2e.JPEG
940,3irgaxsz.JPEG,5,data/test/3irgaxsz.JPEG
941,6mp66zny.JPEG,3,data/test/6mp66zny.JPEG
942,ysw0uqhs.JPEG,1,data/test/ysw0uqhs.JPEG
943,kmfts0sk.JPEG,6,data/test/kmfts0sk.JPEG
944,dq65k5ei.JPEG,5,data/test/dq65k5ei.JPEG
945,2yxo6ocu.JPEG,0,data/test/2yxo6ocu.JPEG
946,utigij4c.JPEG,8,data/test/utigij4c.JPEG
947,s379n7i4.JPEG,2,data/test/s379n7i4.JPEG
948,d4y6qqrz.JPEG,8,data/test/d4y6qqrz.JPEG
949,sew9eaje.JPEG,3,data/test/sew9eaje.JPEG
950,lbeyintk.JPEG,1,data/test/lbeyintk.JPEG
951,71lxfntt.JPEG,8,data/test/71lxfntt.JPEG
952,k4twlc37.JPEG,3,data/test/k4twlc37.JPEG
953,m50yif1a.JPEG,3,data/test/m50yif1a.JPEG
954,p6u5ljbh.JPEG,3,data/test/p6u5ljbh.JPEG
955,81hkx8e9.JPEG,7,data/test/81hkx8e9.JPEG
956,6e9pr3h3.JPEG,9,data/test/6e9pr3h3.JPEG
957,fzdqgqhh.JPEG,2,data/test/fzdqgqhh.JPEG
958,lx9v8wlm.JPEG,4,data/test/lx9v8wlm.JPEG
959,vc09oc6z.JPEG,4,data/test/vc09oc6z.JPEG
960,ab8io6fu.JPEG,1,data/test/ab8io6fu.JPEG
961,mf8okk4p.JPEG,8,data/test/mf8okk4p.JPEG
962,9fzxo9hy.JPEG,2,data/test/9fzxo9hy.JPEG
963,iuvnpy0z.JPEG,6,data/test/iuvnpy0z.JPEG
964,g2g58gn8.JPEG,0,data/test/g2g58gn8.JPEG
965,7j8pmo4y.JPEG,1,data/test/7j8pmo4y.JPEG
966,gbb4rk9i.JPEG,5,data/test/gbb4rk9i.JPEG
967,cv6k4yve.JPEG,5,data/test/cv6k4yve.JPEG
968,rxorzy1x.JPEG,0,data/test/rxorzy1x.JPEG
969,zs0jmkva.JPEG,7,data/test/zs0jmkva.JPEG
970,8ttophaa.JPEG,7,data/test/8ttophaa.JPEG
971,jfd1hu7h.JPEG,8,data/test/jfd1hu7h.JPEG
972,tixfaqtz.JPEG,0,data/test/tixfaqtz.JPEG
973,monrwydi.JPEG,6,data/test/monrwydi.JPEG
974,cn519c0u.JPEG,2,data/test/cn519c0u.JPEG
975,2m3k6z4g.JPEG,8,data/test/2m3k6z4g.JPEG
976,eoctuxx0.JPEG,8,data/test/eoctuxx0.JPEG
977,x7adm5qs.JPEG,4,data/test/x7adm5qs.JPEG
978,uyul4w8d.JPEG,4,data/test/uyul4w8d.JPEG
979,nzy2xgis.JPEG,3,data/test/nzy2xgis.JPEG
980,912ik6lg.JPEG,6,data/test/912ik6lg.JPEG
981,a57vgymb.JPEG,9,data/test/a57vgymb.JPEG
982,npi3xesn.JPEG,0,data/test/npi3xesn.JPEG
983,zo4ug01d.JPEG,2,data/test/zo4ug01d.JPEG
984,z3u8ow21.JPEG,5,data/test/z3u8ow21.JPEG
985,p5gof5vl.JPEG,8,data/test/p5gof5vl.JPEG
986,8cyq1cin.JPEG,8,data/test/8cyq1cin.JPEG
987,ns7zczio.JPEG,6,data/test/ns7zczio.JPEG
988,lgtxshr6.JPEG,6,data/test/lgtxshr6.JPEG
989,3ohgefky.JPEG,6,data/test/3ohgefky.JPEG
990,cpspdy46.JPEG,7,data/test/cpspdy46.JPEG
991,36kxmp4n.JPEG,5,data/test/36kxmp4n.JPEG
992,ns63q27y.JPEG,6,data/test/ns63q27y.JPEG
993,xqg229jy.JPEG,7,data/test/xqg229jy.JPEG
994,ze6jywxy.JPEG,7,data/test/ze6jywxy.JPEG
995,lej4btcl.JPEG,4,data/test/lej4btcl.JPEG
996,6xuq6nou.JPEG,9,data/test/6xuq6nou.JPEG
997,lib9tnwz.JPEG,4,data/test/lib9tnwz.JPEG
998,kjfvo1a3.JPEG,7,data/test/kjfvo1a3.JPEG
999,n3uo7ocy.JPEG,1,data/test/n3uo7ocy.JPEG
1000,a1qdv6ob.JPEG,9,data/test/a1qdv6ob.JPEG
1001,mzxz31n3.JPEG,5,data/test/mzxz31n3.JPEG
1002,hn4v6kmq.JPEG,0,data/test/hn4v6kmq.JPEG
1003,o9nvfd4h.JPEG,0,data/test/o9nvfd4h.JPEG
1004,2gwj3dad.JPEG,3,data/test/2gwj3dad.JPEG
1005,66vsxnt9.JPEG,6,data/test/66vsxnt9.JPEG
1006,2ij9scjb.JPEG,0,data/test/2ij9scjb.JPEG
1007,ncvcs90t.JPEG,5,data/test/ncvcs90t.JPEG
1008,9a87k3wz.JPEG,2,data/test/9a87k3wz.JPEG
1009,ls3aavbp.JPEG,2,data/test/ls3aavbp.JPEG
1010,bqt3ug2s.JPEG,3,data/test/bqt3ug2s.JPEG
1011,2cq4gbcx.JPEG,6,data/test/2cq4gbcx.JPEG
1012,u1r3oban.JPEG,4,data/test/u1r3oban.JPEG
1013,156g88pq.JPEG,4,data/test/156g88pq.JPEG
1014,g8gddzbk.JPEG,8,data/test/g8gddzbk.JPEG
1015,23wp117l.JPEG,8,data/test/23wp117l.JPEG
1016,3q7dflyy.JPEG,6,data/test/3q7dflyy.JPEG
1017,57cb3zat.JPEG,6,data/test/57cb3zat.JPEG
1018,0boiw3hh.JPEG,5,data/test/0boiw3hh.JPEG
1019,s00m6xs9.JPEG,9,data/test/s00m6xs9.JPEG
1020,denu68ff.JPEG,6,data/test/denu68ff.JPEG
1021,24gcbgc0.JPEG,9,data/test/24gcbgc0.JPEG
1022,3tgqiwx5.JPEG,7,data/test/3tgqiwx5.JPEG
1023,uw3u9wtr.JPEG,8,data/test/uw3u9wtr.JPEG
1024,y5zbw5dx.JPEG,0,data/test/y5zbw5dx.JPEG
1025,5irzrtfs.JPEG,2,data/test/5irzrtfs.JPEG
1026,5k1s3osf.JPEG,8,data/test/5k1s3osf.JPEG
1027,2jmhj229.JPEG,2,data/test/2jmhj229.JPEG
1028,d1ovbbpt.JPEG,4,data/test/d1ovbbpt.JPEG
1029,ym7azz5n.JPEG,2,data/test/ym7azz5n.JPEG
1030,gz542rnu.JPEG,2,data/test/gz542rnu.JPEG
1031,p7kjqnq9.JPEG,6,data/test/p7kjqnq9.JPEG
1032,klcyx2ir.JPEG,2,data/test/klcyx2ir.JPEG
1033,ngs9ap4u.JPEG,6,data/test/ngs9ap4u.JPEG
1034,87en1v6h.JPEG,4,data/test/87en1v6h.JPEG
1035,jrpn5f1n.JPEG,2,data/test/jrpn5f1n.JPEG
1036,nxuwpsjh.JPEG,8,data/test/nxuwpsjh.JPEG
1037,swx7ybmb.JPEG,1,data/test/swx7ybmb.JPEG
1038,0x7dzdew.JPEG,9,data/test/0x7dzdew.JPEG
1039,u0i4hs65.JPEG,3,data/test/u0i4hs65.JPEG
1040,70983zfh.JPEG,5,data/test/70983zfh.JPEG
1041,ab2w6c14.JPEG,7,data/test/ab2w6c14.JPEG
1042,fim2c3mz.JPEG,0,data/test/fim2c3mz.JPEG
1043,zlnmwuel.JPEG,0,data/test/zlnmwuel.JPEG
1044,9gzyo2l3.JPEG,2,data/test/9gzyo2l3.JPEG
1045,y61lcsv4.JPEG,3,data/test/y61lcsv4.JPEG
1046,qa5r9qgo.JPEG,6,data/test/qa5r9qgo.JPEG
1047,u4vy3um4.JPEG,4,data/test/u4vy3um4.JPEG
1048,b4l2aulg.JPEG,3,data/test/b4l2aulg.JPEG
1049,yl6tkao6.JPEG,8,data/test/yl6tkao6.JPEG
1050,c4gxm9q6.JPEG,8,data/test/c4gxm9q6.JPEG
1051,hdokxqiw.JPEG,8,data/test/hdokxqiw.JPEG
1052,qyc1ze1v.JPEG,6,data/test/qyc1ze1v.JPEG
1053,bo8hvdxo.JPEG,8,data/test/bo8hvdxo.JPEG
1054,uwi1wyp3.JPEG,9,data/test/uwi1wyp3.JPEG
1055,qeqa7imh.JPEG,1,data/test/qeqa7imh.JPEG
1056,6hdn9nxj.JPEG,4,data/test/6hdn9nxj.JPEG
1057,wzf623ay.JPEG,5,data/test/wzf623ay.JPEG
1058,9eb6wfzm.JPEG,1,data/test/9eb6wfzm.JPEG
1059,phyzacrj.JPEG,2,data/test/phyzacrj.JPEG
1060,e5d9rdwq.JPEG,1,data/test/e5d9rdwq.JPEG
1061,d4casd53.JPEG,8,data/test/d4casd53.JPEG
1062,v1fje19o.JPEG,5,data/test/v1fje19o.JPEG
1063,4w21wox4.JPEG,1,data/test/4w21wox4.JPEG
1064,zmkkct1b.JPEG,8,data/test/zmkkct1b.JPEG
1065,6y5kzfqd.JPEG,7,data/test/6y5kzfqd.JPEG
1066,hd26yoyv.JPEG,0,data/test/hd26yoyv.JPEG
1067,9j909o6x.JPEG,9,data/test/9j909o6x.JPEG
1068,urjg4uqy.JPEG,1,data/test/urjg4uqy.JPEG
1069,qvp3wveh.JPEG,2,data/test/qvp3wveh.JPEG
1070,7hm4bk0r.JPEG,7,data/test/7hm4bk0r.JPEG
1071,gw2xw341.JPEG,0,data/test/gw2xw341.JPEG
1072,7h34iiwo.JPEG,4,data/test/7h34iiwo.JPEG
1073,0wcbal3j.JPEG,0,data/test/0wcbal3j.JPEG
1074,t1kxnebo.JPEG,4,data/test/t1kxnebo.JPEG
1075,ufpufr7r.JPEG,7,data/test/ufpufr7r.JPEG
1076,7sata1hg.JPEG,5,data/test/7sata1hg.JPEG
1077,cm96pbg1.JPEG,5,data/test/cm96pbg1.JPEG
1078,1n3ipjro.JPEG,0,data/test/1n3ipjro.JPEG
1079,swlps15g.JPEG,1,data/test/swlps15g.JPEG
1080,cb2s3xw4.JPEG,2,data/test/cb2s3xw4.JPEG
1081,5dqevk7q.JPEG,4,data/test/5dqevk7q.JPEG
1082,759c6zgx.JPEG,0,data/test/759c6zgx.JPEG
1083,20x7mzz4.JPEG,6,data/test/20x7mzz4.JPEG
1084,0ioezbct.JPEG,8,data/test/0ioezbct.JPEG
1085,ioblrqt3.JPEG,6,data/test/ioblrqt3.JPEG
1086,ryeqnrjy.JPEG,5,data/test/ryeqnrjy.JPEG
1087,oq1dl2yi.JPEG,4,data/test/oq1dl2yi.JPEG
1088,4nk9zv97.JPEG,1,data/test/4nk9zv97.JPEG
1089,ur8bt0m9.JPEG,7,data/test/ur8bt0m9.JPEG
1090,pl2j3xrz.JPEG,1,data/test/pl2j3xrz.JPEG
1091,v780c8fn.JPEG,6,data/test/v780c8fn.JPEG
1092,vkjkm048.JPEG,0,data/test/vkjkm048.JPEG
1093,70berfrt.JPEG,0,data/test/70berfrt.JPEG
1094,b59dqdxi.JPEG,0,data/test/b59dqdxi.JPEG
1095,yuj2diyj.JPEG,4,data/test/yuj2diyj.JPEG
1096,7pie6lei.JPEG,6,data/test/7pie6lei.JPEG
1097,1w11myd1.JPEG,9,data/test/1w11myd1.JPEG
1098,17rzo68h.JPEG,6,data/test/17rzo68h.JPEG
1099,oeqv4hbw.JPEG,9,data/test/oeqv4hbw.JPEG
1100,yyhnda1c.JPEG,1,data/test/yyhnda1c.JPEG
1101,3att44nb.JPEG,9,data/test/3att44nb.JPEG
1102,5kquxoek.JPEG,4,data/test/5kquxoek.JPEG
1103,4ypwrxr1.JPEG,4,data/test/4ypwrxr1.JPEG
1104,7r82tl1t.JPEG,6,data/test/7r82tl1t.JPEG
1105,nrky029o.JPEG,4,data/test/nrky029o.JPEG
1106,udju562q.JPEG,8,data/test/udju562q.JPEG
1107,jnejs17f.JPEG,7,data/test/jnejs17f.JPEG
1108,hoht0whr.JPEG,0,data/test/hoht0whr.JPEG
1109,sq3yl94d.JPEG,9,data/test/sq3yl94d.JPEG
1110,vy3gpswt.JPEG,2,data/test/vy3gpswt.JPEG
1111,0hvyzrsl.JPEG,0,data/test/0hvyzrsl.JPEG
1112,32vsvm23.JPEG,7,data/test/32vsvm23.JPEG
1113,u4u4rehr.JPEG,5,data/test/u4u4rehr.JPEG
1114,45hylt0z.JPEG,8,data/test/45hylt0z.JPEG
1115,kt2cm45m.JPEG,1,data/test/kt2cm45m.JPEG
1116,2pqf8i1n.JPEG,2,data/test/2pqf8i1n.JPEG
1117,nahk4er2.JPEG,1,data/test/nahk4er2.JPEG
1118,c602n9gl.JPEG,7,data/test/c602n9gl.JPEG
1119,idhy3exa.JPEG,2,data/test/idhy3exa.JPEG
1120,sp4nrg88.JPEG,0,data/test/sp4nrg88.JPEG
1121,v14ixiko.JPEG,2,data/test/v14ixiko.JPEG
1122,dw7xa94r.JPEG,0,data/test/dw7xa94r.JPEG
1123,pp31bo7l.JPEG,2,data/test/pp31bo7l.JPEG
1124,8268ohj2.JPEG,6,data/test/8268ohj2.JPEG
1125,qx1fuqrq.JPEG,4,data/test/qx1fuqrq.JPEG
1126,hu3t9z3u.JPEG,4,data/test/hu3t9z3u.JPEG
1127,igqoj10s.JPEG,4,data/test/igqoj10s.JPEG
1128,nchisr3a.JPEG,5,data/test/nchisr3a.JPEG
1129,gj0c9pya.JPEG,6,data/test/gj0c9pya.JPEG
1130,c7nmlphx.JPEG,1,data/test/c7nmlphx.JPEG
1131,ui68z38x.JPEG,9,data/test/ui68z38x.JPEG
1132,pq71zxts.JPEG,1,data/test/pq71zxts.JPEG
1133,l0iyg1ju.JPEG,0,data/test/l0iyg1ju.JPEG
1134,iq3cll99.JPEG,0,data/test/iq3cll99.JPEG
1135,g659r7h9.JPEG,2,data/test/g659r7h9.JPEG
1136,qrei0vr9.JPEG,7,data/test/qrei0vr9.JPEG
1137,gjt3aq46.JPEG,8,data/test/gjt3aq46.JPEG
1138,io02sbrl.JPEG,3,data/test/io02sbrl.JPEG
1139,7us5h7uj.JPEG,9,data/test/7us5h7uj.JPEG
1140,zks780en.JPEG,5,data/test/zks780en.JPEG
1141,f9gdom0p.JPEG,0,data/test/f9gdom0p.JPEG
1142,t7zkn42g.JPEG,6,data/test/t7zkn42g.JPEG
1143,j6zcvmsg.JPEG,4,data/test/j6zcvmsg.JPEG
1144,x7rv0kk5.JPEG,5,data/test/x7rv0kk5.JPEG
1145,e40wagkw.JPEG,8,data/test/e40wagkw.JPEG
1146,3ed89ahf.JPEG,2,data/test/3ed89ahf.JPEG
1147,mdzmyrsn.JPEG,5,data/test/mdzmyrsn.JPEG
1148,qc1ah9lm.JPEG,4,data/test/qc1ah9lm.JPEG
1149,vlsp61en.JPEG,4,data/test/vlsp61en.JPEG
1150,5yywf423.JPEG,2,data/test/5yywf423.JPEG
1151,q1jev425.JPEG,7,data/test/q1jev425.JPEG
1152,xc44r1xq.JPEG,2,data/test/xc44r1xq.JPEG
1153,52zsovva.JPEG,8,data/test/52zsovva.JPEG
1154,xfrmf414.JPEG,4,data/test/xfrmf414.JPEG
1155,6bi28tt2.JPEG,9,data/test/6bi28tt2.JPEG
1156,hqvpke71.JPEG,9,data/test/hqvpke71.JPEG
1157,lst1d6pc.JPEG,6,data/test/lst1d6pc.JPEG
1158,bf4um56l.JPEG,4,data/test/bf4um56l.JPEG
1159,yaa9ubwy.JPEG,4,data/test/yaa9ubwy.JPEG
1160,8sp2wtg3.JPEG,8,data/test/8sp2wtg3.JPEG
1161,yi2mubxo.JPEG,5,data/test/yi2mubxo.JPEG
1162,xm0mfki5.JPEG,8,data/test/xm0mfki5.JPEG
1163,5hl6sbob.JPEG,4,data/test/5hl6sbob.JPEG
1164,mmwgo8uv.JPEG,8,data/test/mmwgo8uv.JPEG
1165,oeuvmhhl.JPEG,0,data/test/oeuvmhhl.JPEG
1166,r28vnmqi.JPEG,1,data/test/r28vnmqi.JPEG
1167,t2w0i778.JPEG,3,data/test/t2w0i778.JPEG
1168,mavuqnuq.JPEG,8,data/test/mavuqnuq.JPEG
1169,7zc3u65s.JPEG,0,data/test/7zc3u65s.JPEG
1170,mltaggcf.JPEG,1,data/test/mltaggcf.JPEG
1171,63ema1i4.JPEG,8,data/test/63ema1i4.JPEG
1172,5guxlqk0.JPEG,3,data/test/5guxlqk0.JPEG
1173,5txz1te0.JPEG,2,data/test/5txz1te0.JPEG
1174,urbefuug.JPEG,8,data/test/urbefuug.JPEG
1175,3fd2g3l7.JPEG,4,data/test/3fd2g3l7.JPEG
1176,5nqgbozq.JPEG,2,data/test/5nqgbozq.JPEG
1177,g3ru6c74.JPEG,4,data/test/g3ru6c74.JPEG
1178,xmp4lxl2.JPEG,9,data/test/xmp4lxl2.JPEG
1179,tfw573g6.JPEG,4,data/test/tfw573g6.JPEG
1180,a2r115ww.JPEG,2,data/test/a2r115ww.JPEG
1181,9bwjn8ho.JPEG,6,data/test/9bwjn8ho.JPEG
1182,zf1je1bh.JPEG,0,data/test/zf1je1bh.JPEG
1183,4ne38j3t.JPEG,9,data/test/4ne38j3t.JPEG
1184,e8g48p3s.JPEG,5,data/test/e8g48p3s.JPEG
1185,o9xuksyj.JPEG,9,data/test/o9xuksyj.JPEG
1186,kn894c3c.JPEG,3,data/test/kn894c3c.JPEG
1187,ffl1vwty.JPEG,3,data/test/ffl1vwty.JPEG
1188,v15sgrqn.JPEG,2,data/test/v15sgrqn.JPEG
1189,wlgx8kb2.JPEG,5,data/test/wlgx8kb2.JPEG
1190,qkfoq7pd.JPEG,8,data/test/qkfoq7pd.JPEG
1191,o0s0jvgx.JPEG,0,data/test/o0s0jvgx.JPEG
1192,whndaxxe.JPEG,0,data/test/whndaxxe.JPEG
1193,1jzv7q84.JPEG,0,data/test/1jzv7q84.JPEG
1194,2uzomc4j.JPEG,3,data/test/2uzomc4j.JPEG
1195,ep3s1kt4.JPEG,0,data/test/ep3s1kt4.JPEG
1196,lyhar1bi.JPEG,8,data/test/lyhar1bi.JPEG
1197,n3jdosje.JPEG,7,data/test/n3jdosje.JPEG
1198,7q7z9jqw.JPEG,5,data/test/7q7z9jqw.JPEG
1199,shn124nu.JPEG,8,data/test/shn124nu.JPEG
1200,bozw2lcx.JPEG,4,data/test/bozw2lcx.JPEG
1201,dwpyce8h.JPEG,6,data/test/dwpyce8h.JPEG
1202,die30jhc.JPEG,2,data/test/die30jhc.JPEG
1203,mgy2dwef.JPEG,8,data/test/mgy2dwef.JPEG
1204,xofl345z.JPEG,7,data/test/xofl345z.JPEG
1205,u2fvr9wc.JPEG,7,data/test/u2fvr9wc.JPEG
1206,i6uesdlo.JPEG,6,data/test/i6uesdlo.JPEG
1207,bl9iepuo.JPEG,2,data/test/bl9iepuo.JPEG
1208,id29p14d.JPEG,0,data/test/id29p14d.JPEG
1209,9eyildgk.JPEG,0,data/test/9eyildgk.JPEG
1210,02p82zg6.JPEG,9,data/test/02p82zg6.JPEG
1211,zw1bumxi.JPEG,1,data/test/zw1bumxi.JPEG
1212,n3pi6zhl.JPEG,4,data/test/n3pi6zhl.JPEG
1213,0rk74g0r.JPEG,1,data/test/0rk74g0r.JPEG
1214,zsvwiykw.JPEG,8,data/test/zsvwiykw.JPEG
1215,spy60gug.JPEG,3,data/test/spy60gug.JPEG
1216,oexne3ai.JPEG,0,data/test/oexne3ai.JPEG
1217,ziu4dsg8.JPEG,5,data/test/ziu4dsg8.JPEG
1218,a23qwnh3.JPEG,0,data/test/a23qwnh3.JPEG
1219,4vhamw4j.JPEG,7,data/test/4vhamw4j.JPEG
1220,40q9v9d0.JPEG,9,data/test/40q9v9d0.JPEG
1221,o7xmtcye.JPEG,6,data/test/o7xmtcye.JPEG
1222,mwpweedc.JPEG,7,data/test/mwpweedc.JPEG
1223,lanet832.JPEG,8,data/test/lanet832.JPEG
1224,69s6ajmn.JPEG,6,data/test/69s6ajmn.JPEG
1225,5zh0eksu.JPEG,2,data/test/5zh0eksu.JPEG
1226,yce3f2o0.JPEG,4,data/test/yce3f2o0.JPEG
1227,3qfgbmm1.JPEG,7,data/test/3qfgbmm1.JPEG
1228,a1x4zoia.JPEG,8,data/test/a1x4zoia.JPEG
1229,5ldszfpm.JPEG,2,data/test/5ldszfpm.JPEG
1230,8m3mm3uq.JPEG,5,data/test/8m3mm3uq.JPEG
1231,qe32igm9.JPEG,0,data/test/qe32igm9.JPEG
1232,pwbcgc5f.JPEG,7,data/test/pwbcgc5f.JPEG
1233,cljeez8q.JPEG,8,data/test/cljeez8q.JPEG
1234,nm8orv55.JPEG,6,data/test/nm8orv55.JPEG
1235,rkqqd5ct.JPEG,2,data/test/rkqqd5ct.JPEG
1236,j604d45m.JPEG,1,data/test/j604d45m.JPEG
1237,xe8fnab4.JPEG,0,data/test/xe8fnab4.JPEG
1238,enx807q8.JPEG,9,data/test/enx807q8.JPEG
1239,29jwpthg.JPEG,5,data/test/29jwpthg.JPEG
1240,sdc4t7jl.JPEG,3,data/test/sdc4t7jl.JPEG
1241,7bo2pa3r.JPEG,1,data/test/7bo2pa3r.JPEG
1242,mjqsf4o9.JPEG,9,data/test/mjqsf4o9.JPEG
1243,ftwn09q3.JPEG,2,data/test/ftwn09q3.JPEG
1244,qe31wbji.JPEG,9,data/test/qe31wbji.JPEG
1245,gddt79lb.JPEG,6,data/test/gddt79lb.JPEG
1246,anplu49p.JPEG,1,data/test/anplu49p.JPEG
1247,t96fqflz.JPEG,6,data/test/t96fqflz.JPEG
1248,cbvgvfi4.JPEG,1,data/test/cbvgvfi4.JPEG
1249,mql7sqn7.JPEG,8,data/test/mql7sqn7.JPEG
1250,7rkwaavb.JPEG,8,data/test/7rkwaavb.JPEG
1251,cg1fbm49.JPEG,0,data/test/cg1fbm49.JPEG
1252,lg3az3wn.JPEG,5,data/test/lg3az3wn.JPEG
1253,m4ythccc.JPEG,6,data/test/m4ythccc.JPEG
1254,6pw4jnkd.JPEG,1,data/test/6pw4jnkd.JPEG
1255,ves2kn7q.JPEG,8,data/test/ves2kn7q.JPEG
1256,qxvkaykz.JPEG,2,data/test/qxvkaykz.JPEG
1257,j0n2r1zn.JPEG,7,data/test/j0n2r1zn.JPEG
1258,220ihv5f.JPEG,6,data/test/220ihv5f.JPEG
1259,a6mn5ypf.JPEG,6,data/test/a6mn5ypf.JPEG
1260,lgjkjnaw.JPEG,0,data/test/lgjkjnaw.JPEG
1261,gpn5nmki.JPEG,8,data/test/gpn5nmki.JPEG
1262,81hpdpqw.JPEG,4,data/test/81hpdpqw.JPEG
1263,tq2xhjwz.JPEG,4,data/test/tq2xhjwz.JPEG
1264,xi8422ek.JPEG,6,data/test/xi8422ek.JPEG
1265,u7vfxtub.JPEG,5,data/test/u7vfxtub.JPEG
1266,d1sa1es0.JPEG,7,data/test/d1sa1es0.JPEG
1267,oe4klle0.JPEG,8,data/test/oe4klle0.JPEG
1268,v92czew6.JPEG,2,data/test/v92czew6.JPEG
1269,55jc8xje.JPEG,1,data/test/55jc8xje.JPEG
1270,q06w5u23.JPEG,4,data/test/q06w5u23.JPEG
1271,13afrt9c.JPEG,2,data/test/13afrt9c.JPEG
1272,ipssrkd0.JPEG,0,data/test/ipssrkd0.JPEG
1273,2dr2lddr.JPEG,8,data/test/2dr2lddr.JPEG
1274,nz0t2zjg.JPEG,7,data/test/nz0t2zjg.JPEG
1275,n8gx2fvt.JPEG,0,data/test/n8gx2fvt.JPEG
1276,z0jevctq.JPEG,3,data/test/z0jevctq.JPEG
1277,0uj2l3w8.JPEG,1,data/test/0uj2l3w8.JPEG
1278,6zpqi1j3.JPEG,7,data/test/6zpqi1j3.JPEG
1279,14sg6p46.JPEG,6,data/test/14sg6p46.JPEG
1280,yg4lp964.JPEG,6,data/test/yg4lp964.JPEG
1281,ehjo0kpl.JPEG,3,data/test/ehjo0kpl.JPEG
1282,8zqd6377.JPEG,6,data/test/8zqd6377.JPEG
1283,3uaylq95.JPEG,2,data/test/3uaylq95.JPEG
1284,ewkhxj6z.JPEG,2,data/test/ewkhxj6z.JPEG
1285,2cgljmxy.JPEG,1,data/test/2cgljmxy.JPEG
1286,h658g5pd.JPEG,6,data/test/h658g5pd.JPEG
1287,4c4vvj3p.JPEG,5,data/test/4c4vvj3p.JPEG
1288,ajbmo3qe.JPEG,6,data/test/ajbmo3qe.JPEG
1289,e3tyu86c.JPEG,5,data/test/e3tyu86c.JPEG
1290,x5zbv7y8.JPEG,2,data/test/x5zbv7y8.JPEG
1291,ofg48ttj.JPEG,0,data/test/ofg48ttj.JPEG
1292,7gp23z96.JPEG,7,data/test/7gp23z96.JPEG
1293,jmrx9xfu.JPEG,0,data/test/jmrx9xfu.JPEG
1294,nqblafga.JPEG,0,data/test/nqblafga.JPEG
1295,74t1ievb.JPEG,1,data/test/74t1ievb.JPEG
1296,vg8nyys7.JPEG,8,data/test/vg8nyys7.JPEG
1297,hmtzot4n.JPEG,2,data/test/hmtzot4n.JPEG
1298,7wk4p6sx.JPEG,1,data/test/7wk4p6sx.JPEG
1299,gk125699.JPEG,8,data/test/gk125699.JPEG
1300,43bv71mz.JPEG,8,data/test/43bv71mz.JPEG
1301,ji2fryjw.JPEG,5,data/test/ji2fryjw.JPEG
1302,kzjq29o8.JPEG,8,data/test/kzjq29o8.JPEG
1303,prgk8iea.JPEG,3,data/test/prgk8iea.JPEG
1304,r8l639fe.JPEG,9,data/test/r8l639fe.JPEG
1305,0dynn0cn.JPEG,3,data/test/0dynn0cn.JPEG
1306,9b5gxls9.JPEG,1,data/test/9b5gxls9.JPEG
1307,5mzb6m6r.JPEG,0,data/test/5mzb6m6r.JPEG
1308,pkyhbxtc.JPEG,4,data/test/pkyhbxtc.JPEG
1309,dt5ebp0l.JPEG,1,data/test/dt5ebp0l.JPEG
1310,mtc0xkc9.JPEG,3,data/test/mtc0xkc9.JPEG
1311,j6cyl17h.JPEG,8,data/test/j6cyl17h.JPEG
1312,g5wk2cd4.JPEG,9,data/test/g5wk2cd4.JPEG
1313,ol19heze.JPEG,6,data/test/ol19heze.JPEG
1314,2l696znf.JPEG,8,data/test/2l696znf.JPEG
1315,dsbb3j2y.JPEG,9,data/test/dsbb3j2y.JPEG
1316,8zljsgm8.JPEG,5,data/test/8zljsgm8.JPEG
1317,modjr4yv.JPEG,0,data/test/modjr4yv.JPEG
1318,y9m3clnu.JPEG,9,data/test/y9m3clnu.JPEG
1319,zst299dd.JPEG,0,data/test/zst299dd.JPEG
1320,pwd11gsa.JPEG,3,data/test/pwd11gsa.JPEG
1321,p0kndkgn.JPEG,9,data/test/p0kndkgn.JPEG
1322,nbhv9nqh.JPEG,5,data/test/nbhv9nqh.JPEG
1323,glvs1vww.JPEG,3,data/test/glvs1vww.JPEG
1324,lsyr0rlt.JPEG,8,data/test/lsyr0rlt.JPEG
1325,4xs8pgn7.JPEG,1,data/test/4xs8pgn7.JPEG
1326,qv5ehsx8.JPEG,8,data/test/qv5ehsx8.JPEG
1327,dxdbdx9x.JPEG,8,data/test/dxdbdx9x.JPEG
1328,md2hdzvo.JPEG,7,data/test/md2hdzvo.JPEG
1329,3hq8l9k9.JPEG,1,data/test/3hq8l9k9.JPEG
1330,m8wz9h8i.JPEG,4,data/test/m8wz9h8i.JPEG
1331,977sa8jr.JPEG,8,data/test/977sa8jr.JPEG
1332,zetgcj4g.JPEG,9,data/test/zetgcj4g.JPEG
1333,tnon38zs.JPEG,0,data/test/tnon38zs.JPEG
1334,yjr5dpkq.JPEG,8,data/test/yjr5dpkq.JPEG
1335,0cy9dify.JPEG,0,data/test/0cy9dify.JPEG
1336,xl6934te.JPEG,4,data/test/xl6934te.JPEG
1337,yd5zkz8z.JPEG,1,data/test/yd5zkz8z.JPEG
1338,coc0ljyv.JPEG,6,data/test/coc0ljyv.JPEG
1339,yna6r3dn.JPEG,8,data/test/yna6r3dn.JPEG
1340,tr6s2vn5.JPEG,9,data/test/tr6s2vn5.JPEG
1341,stgbrvgk.JPEG,8,data/test/stgbrvgk.JPEG
1342,4kf408f9.JPEG,7,data/test/4kf408f9.JPEG
1343,rbvo3ba6.JPEG,2,data/test/rbvo3ba6.JPEG
1344,z287fm19.JPEG,1,data/test/z287fm19.JPEG
1345,nyrst4bo.JPEG,7,data/test/nyrst4bo.JPEG
1346,jaai7egq.JPEG,6,data/test/jaai7egq.JPEG
1347,92x6w0zq.JPEG,2,data/test/92x6w0zq.JPEG
1348,injtjsge.JPEG,3,data/test/injtjsge.JPEG
1349,e8ripxkr.JPEG,4,data/test/e8ripxkr.JPEG
1350,vj41o3b8.JPEG,0,data/test/vj41o3b8.JPEG
1351,du81jpk8.JPEG,8,data/test/du81jpk8.JPEG
1352,kwnnwh9j.JPEG,2,data/test/kwnnwh9j.JPEG
1353,bhhjmrma.JPEG,3,data/test/bhhjmrma.JPEG
1354,o6nc7h2x.JPEG,2,data/test/o6nc7h2x.JPEG
1355,f9bl9rjo.JPEG,1,data/test/f9bl9rjo.JPEG
1356,qinhkonp.JPEG,4,data/test/qinhkonp.JPEG
1357,enlhfdi5.JPEG,1,data/test/enlhfdi5.JPEG
1358,6buj3239.JPEG,7,data/test/6buj3239.JPEG
1359,xsdm4hr1.JPEG,2,data/test/xsdm4hr1.JPEG
1360,cmkovmdv.JPEG,1,data/test/cmkovmdv.JPEG
1361,6ysvx6el.JPEG,6,data/test/6ysvx6el.JPEG
1362,vqh9bc2c.JPEG,4,data/test/vqh9bc2c.JPEG
1363,71kywuw4.JPEG,1,data/test/71kywuw4.JPEG
1364,6l46mm8v.JPEG,0,data/test/6l46mm8v.JPEG
1365,khf3kfiq.JPEG,1,data/test/khf3kfiq.JPEG
1366,marg5l3l.JPEG,8,data/test/marg5l3l.JPEG
1367,dja0qggj.JPEG,1,data/test/dja0qggj.JPEG
1368,yt60jfiy.JPEG,9,data/test/yt60jfiy.JPEG
1369,3gqhsr1r.JPEG,4,data/test/3gqhsr1r.JPEG
1370,s0294qtq.JPEG,0,data/test/s0294qtq.JPEG
1371,elg8jmpi.JPEG,2,data/test/elg8jmpi.JPEG
1372,xl1i4ay0.JPEG,1,data/test/xl1i4ay0.JPEG
1373,kmo2gnej.JPEG,8,data/test/kmo2gnej.JPEG
1374,il12t4v8.JPEG,9,data/test/il12t4v8.JPEG
1375,1cduducy.JPEG,0,data/test/1cduducy.JPEG
1376,vpp0k1fl.JPEG,0,data/test/vpp0k1fl.JPEG
1377,jibdty7t.JPEG,9,data/test/jibdty7t.JPEG
1378,sycopi2u.JPEG,0,data/test/sycopi2u.JPEG
1379,yc3a8onk.JPEG,4,data/test/yc3a8onk.JPEG
1380,9vhjxe0p.JPEG,1,data/test/9vhjxe0p.JPEG
1381,cyhh1b0q.JPEG,2,data/test/cyhh1b0q.JPEG
1382,xeiohfsu.JPEG,9,data/test/xeiohfsu.JPEG
1383,j553o20e.JPEG,3,data/test/j553o20e.JPEG
1384,4ga37v1a.JPEG,8,data/test/4ga37v1a.JPEG
1385,1yeujpvp.JPEG,0,data/test/1yeujpvp.JPEG
1386,x4z1er8y.JPEG,7,data/test/x4z1er8y.JPEG
1387,9ffbbuds.JPEG,8,data/test/9ffbbuds.JPEG
1388,y56bct8x.JPEG,7,data/test/y56bct8x.JPEG
1389,5dwp56p5.JPEG,3,data/test/5dwp56p5.JPEG
1390,l5p73ms8.JPEG,0,data/test/l5p73ms8.JPEG
1391,6jgxdlfr.JPEG,0,data/test/6jgxdlfr.JPEG
1392,95uxi4r7.JPEG,7,data/test/95uxi4r7.JPEG
1393,htkqwpaz.JPEG,3,data/test/htkqwpaz.JPEG
1394,zn6dht95.JPEG,2,data/test/zn6dht95.JPEG
1395,opymzfui.JPEG,0,data/test/opymzfui.JPEG
1396,b9vayj1m.JPEG,0,data/test/b9vayj1m.JPEG
1397,x947dtjo.JPEG,7,data/test/x947dtjo.JPEG
1398,6vztlc8p.JPEG,2,data/test/6vztlc8p.JPEG
1399,7l1ahunp.JPEG,1,data/test/7l1ahunp.JPEG
1400,quylzu78.JPEG,1,data/test/quylzu78.JPEG
1401,712jvoh6.JPEG,8,data/test/712jvoh6.JPEG
1402,czqd8dwd.JPEG,3,data/test/czqd8dwd.JPEG
1403,5w9ybcid.JPEG,9,data/test/5w9ybcid.JPEG
1404,39lxgclg.JPEG,9,data/test/39lxgclg.JPEG
1405,t4zev5pr.JPEG,6,data/test/t4zev5pr.JPEG
1406,w9rbjki9.JPEG,0,data/test/w9rbjki9.JPEG
1407,3okilibs.JPEG,5,data/test/3okilibs.JPEG
1408,jkdi8fcs.JPEG,2,data/test/jkdi8fcs.JPEG
1409,kpmihwfg.JPEG,3,data/test/kpmihwfg.JPEG
1410,7euc34bb.JPEG,7,data/test/7euc34bb.JPEG
1411,lfpevcif.JPEG,1,data/test/lfpevcif.JPEG
1412,39x67hlv.JPEG,0,data/test/39x67hlv.JPEG
1413,nkzg6fsq.JPEG,7,data/test/nkzg6fsq.JPEG
1414,u2gl5lja.JPEG,1,data/test/u2gl5lja.JPEG
1415,884tvo60.JPEG,6,data/test/884tvo60.JPEG
1416,ag98g5sp.JPEG,3,data/test/ag98g5sp.JPEG
1417,0du0tir2.JPEG,6,data/test/0du0tir2.JPEG
1418,s5y6daca.JPEG,3,data/test/s5y6daca.JPEG
1419,af7lwmn8.JPEG,0,data/test/af7lwmn8.JPEG
1420,c5yc28a0.JPEG,8,data/test/c5yc28a0.JPEG
1421,6i9od240.JPEG,5,data/test/6i9od240.JPEG
1422,83fpgz78.JPEG,3,data/test/83fpgz78.JPEG
1423,ehpov5k8.JPEG,9,data/test/ehpov5k8.JPEG
1424,1o1to596.JPEG,1,data/test/1o1to596.JPEG
1425,a9am7v0z.JPEG,0,data/test/a9am7v0z.JPEG
1426,zi1pbrn9.JPEG,2,data/test/zi1pbrn9.JPEG
1427,uvicapty.JPEG,9,data/test/uvicapty.JPEG
1428,0zqbbeqo.JPEG,3,data/test/0zqbbeqo.JPEG
1429,35gpvmp6.JPEG,7,data/test/35gpvmp6.JPEG
1430,hgxzmce0.JPEG,8,data/test/hgxzmce0.JPEG
1431,k5ruql8c.JPEG,9,data/test/k5ruql8c.JPEG
1432,n2k2tjd7.JPEG,4,data/test/n2k2tjd7.JPEG
1433,z68xhip9.JPEG,2,data/test/z68xhip9.JPEG
1434,rigq184z.JPEG,1,data/test/rigq184z.JPEG
1435,xt6n439h.JPEG,2,data/test/xt6n439h.JPEG
1436,n9zrupai.JPEG,1,data/test/n9zrupai.JPEG
1437,800wxv1k.JPEG,4,data/test/800wxv1k.JPEG
1438,wzk4kpk0.JPEG,9,data/test/wzk4kpk0.JPEG
1439,rtb2tmj7.JPEG,8,data/test/rtb2tmj7.JPEG
1440,913nighl.JPEG,6,data/test/913nighl.JPEG
1441,4v4cvb6c.JPEG,2,data/test/4v4cvb6c.JPEG
1442,2xj06glo.JPEG,2,data/test/2xj06glo.JPEG
1443,02o2z1d1.JPEG,1,data/test/02o2z1d1.JPEG
1444,r2e6kmdh.JPEG,8,data/test/r2e6kmdh.JPEG
1445,pi0cn17n.JPEG,9,data/test/pi0cn17n.JPEG
1446,6pbg6z6r.JPEG,0,data/test/6pbg6z6r.JPEG
1447,wtzdb3xq.JPEG,6,data/test/wtzdb3xq.JPEG
1448,uzu17w9v.JPEG,4,data/test/uzu17w9v.JPEG
1449,xq915q03.JPEG,8,data/test/xq915q03.JPEG
1450,f4m7abyq.JPEG,0,data/test/f4m7abyq.JPEG
1451,q7s4qm23.JPEG,0,data/test/q7s4qm23.JPEG
1452,zpxq16qe.JPEG,3,data/test/zpxq16qe.JPEG
1453,o9axs3wi.JPEG,4,data/test/o9axs3wi.JPEG
1454,70zij0y8.JPEG,4,data/test/70zij0y8.JPEG
1455,xnxvz32a.JPEG,5,data/test/xnxvz32a.JPEG
1456,zmw4o0qd.JPEG,4,data/test/zmw4o0qd.JPEG
1457,oqj5l41x.JPEG,8,data/test/oqj5l41x.JPEG
1458,3k8qfww7.JPEG,1,data/test/3k8qfww7.JPEG
1459,jnkdfx2n.JPEG,6,data/test/jnkdfx2n.JPEG
1460,8p8s5fzr.JPEG,5,data/test/8p8s5fzr.JPEG
1461,lo89qz8t.JPEG,4,data/test/lo89qz8t.JPEG
1462,b06cw9he.JPEG,4,data/test/b06cw9he.JPEG
1463,aorgubi2.JPEG,2,data/test/aorgubi2.JPEG
1464,7qqwvugd.JPEG,3,data/test/7qqwvugd.JPEG
1465,3wnbskf4.JPEG,9,data/test/3wnbskf4.JPEG
1466,i94ieqm9.JPEG,5,data/test/i94ieqm9.JPEG
1467,uchh5j9y.JPEG,3,data/test/uchh5j9y.JPEG
1468,lqa1l23t.JPEG,2,data/test/lqa1l23t.JPEG
1469,6esf2rbw.JPEG,6,data/test/6esf2rbw.JPEG
1470,hz1u8729.JPEG,8,data/test/hz1u8729.JPEG
1471,gzlm38xs.JPEG,0,data/test/gzlm38xs.JPEG
1472,4y1frdj6.JPEG,5,data/test/4y1frdj6.JPEG
1473,5l09ik7x.JPEG,5,data/test/5l09ik7x.JPEG
1474,1fiftdnf.JPEG,5,data/test/1fiftdnf.JPEG
1475,7vovqtoy.JPEG,8,data/test/7vovqtoy.JPEG
1476,hk8xyyvt.JPEG,5,data/test/hk8xyyvt.JPEG
1477,1bs4gcit.JPEG,8,data/test/1bs4gcit.JPEG
1478,jaigrday.JPEG,8,data/test/jaigrday.JPEG
1479,tua38uhn.JPEG,1,data/test/tua38uhn.JPEG
1480,ubhyih4h.JPEG,3,data/test/ubhyih4h.JPEG
1481,2u5bjzxc.JPEG,7,data/test/2u5bjzxc.JPEG
1482,oct209w7.JPEG,6,data/test/oct209w7.JPEG
1483,jbp29rep.JPEG,7,data/test/jbp29rep.JPEG
1484,6snrg9d4.JPEG,5,data/test/6snrg9d4.JPEG
1485,1svxtoou.JPEG,9,data/test/1svxtoou.JPEG
1486,l2poa5k1.JPEG,1,data/test/l2poa5k1.JPEG
1487,uv5vp8h0.JPEG,7,data/test/uv5vp8h0.JPEG
1488,0dpk9nkg.JPEG,4,data/test/0dpk9nkg.JPEG
1489,e15w5ikf.JPEG,5,data/test/e15w5ikf.JPEG
1490,kez3j49v.JPEG,4,data/test/kez3j49v.JPEG
1491,bbtq7l8d.JPEG,0,data/test/bbtq7l8d.JPEG
1492,ci60mtd6.JPEG,7,data/test/ci60mtd6.JPEG
1493,4pf61218.JPEG,8,data/test/4pf61218.JPEG
1494,gqrhso9g.JPEG,0,data/test/gqrhso9g.JPEG
1495,fe8v6q5e.JPEG,8,data/test/fe8v6q5e.JPEG
1496,t2g8s3b3.JPEG,4,data/test/t2g8s3b3.JPEG
1497,m7w9ge9i.JPEG,0,data/test/m7w9ge9i.JPEG
1498,kj7a1rms.JPEG,4,data/test/kj7a1rms.JPEG
1499,wh5r30dr.JPEG,9,data/test/wh5r30dr.JPEG
